date,end_price,price_change,start_price,high,low,quantity
2019.12.06,1050.0,40.0,1160.0,1160.0,1050.0,34.0
2019.12.05,1010.0,0.0,1010.0,1010.0,1010.0,0.0
2019.12.04,1010.0,165.0,1010.0,1010.0,1010.0,100.0
2019.12.03,1175.0,185.0,1550.0,1550.0,1175.0,11.0
2019.12.02,1360.0,240.0,1360.0,1840.0,1360.0,2846.0
2019.11.29,1600.0,110.0,1500.0,1600.0,1500.0,6.0
2019.11.28,1710.0,220.0,1710.0,1710.0,1710.0,2.0
2019.11.27,1490.0,260.0,2000.0,2000.0,1490.0,10664.0
2019.11.26,1750.0,160.0,1370.0,1750.0,1360.0,1608.0
2019.11.25,1590.0,60.0,1895.0,1895.0,1590.0,38.0
2019.11.22,1650.0,240.0,1680.0,1680.0,1650.0,2100.0
2019.11.21,1890.0,190.0,1890.0,1890.0,1890.0,1.0
2019.11.20,1700.0,250.0,1700.0,1700.0,1700.0,320.0
2019.11.19,1950.0,240.0,1950.0,1950.0,1950.0,1.0
2019.11.18,1710.0,240.0,1950.0,1950.0,1700.0,505.0
2019.11.15,1950.0,50.0,1700.0,1950.0,1700.0,53.0
2019.11.14,2000.0,55.0,2000.0,2000.0,1660.0,6310.0
2019.11.13,1945.0,100.0,2350.0,2350.0,1740.0,2401.0
2019.11.12,2045.0,265.0,2045.0,2045.0,2045.0,5.0
2019.11.11,1780.0,230.0,1780.0,1780.0,1780.0,1.0
2019.11.08,1550.0,5.0,1550.0,1550.0,1550.0,138.0
2019.11.07,1545.0,0.0,1545.0,1545.0,1545.0,0.0
2019.11.06,1545.0,0.0,1545.0,1545.0,1545.0,0.0
2019.11.05,1545.0,45.0,1545.0,1545.0,1545.0,1.0
2019.11.04,1500.0,50.0,1600.0,1600.0,1500.0,1001.0
2019.11.01,1550.0,0.0,1550.0,1550.0,1550.0,834.0
2019.10.31,1550.0,25.0,1550.0,1550.0,1550.0,980.0
2019.10.30,1575.0,5.0,1575.0,1575.0,1575.0,0.0
2019.10.29,1580.0,0.0,1580.0,1580.0,1580.0,0.0
2019.10.28,1580.0,30.0,1580.0,1580.0,1580.0,380.0
2019.10.25,1550.0,0.0,1550.0,1550.0,1550.0,1000.0
2019.10.24,1550.0,0.0,1775.0,1775.0,1550.0,175.0
2019.10.23,1550.0,50.0,1500.0,1550.0,1500.0,2840.0
2019.10.22,1600.0,100.0,1600.0,1600.0,1600.0,1.0
2019.10.21,1500.0,100.0,1500.0,1500.0,1500.0,1000.0
2019.10.18,1400.0,0.0,1400.0,1400.0,1400.0,0.0
2019.10.17,1400.0,50.0,1490.0,1490.0,1400.0,55.0
2019.10.16,1450.0,50.0,1450.0,1450.0,1450.0,100.0
2019.10.15,1500.0,0.0,1600.0,1600.0,1500.0,1401.0
2019.10.14,1500.0,50.0,1600.0,1600.0,1500.0,1061.0
2019.10.11,1450.0,155.0,1500.0,1500.0,1450.0,650.0
2019.10.10,1605.0,205.0,1605.0,1605.0,1605.0,1.0
2019.10.08,1400.0,0.0,1400.0,1400.0,1400.0,0.0
2019.10.07,1400.0,100.0,1500.0,1500.0,1400.0,2022.0
2019.10.04,1500.0,0.0,1500.0,1500.0,1500.0,0.0
2019.10.02,1500.0,100.0,1360.0,1500.0,1360.0,1930.0
2019.10.01,1600.0,175.0,1600.0,1600.0,1600.0,678.0
2019.09.30,1425.0,0.0,1425.0,1425.0,1425.0,360.0
2019.09.27,1425.0,250.0,1530.0,1535.0,1425.0,408.0
2019.09.26,1675.0,295.0,1675.0,1675.0,1675.0,30.0
2019.09.25,1970.0,230.0,1970.0,1970.0,1970.0,1.0
2019.09.24,1740.0,190.0,1740.0,1740.0,1740.0,1.0
2019.09.23,1550.0,0.0,1550.0,1550.0,1550.0,5.0
2019.09.20,1550.0,0.0,1330.0,1550.0,1330.0,531.0
2019.09.19,1550.0,15.0,1550.0,1550.0,1550.0,5.0
2019.09.18,1535.0,0.0,1535.0,1535.0,1535.0,0.0
2019.09.17,1535.0,270.0,1580.0,1580.0,1535.0,935.0
2019.09.16,1805.0,5.0,1580.0,1805.0,1530.0,946.0
2019.09.11,1800.0,200.0,1800.0,1800.0,1800.0,1.0
2019.09.10,1600.0,155.0,1400.0,1600.0,1400.0,866.0
2019.09.09,1445.0,140.0,1500.0,1500.0,1380.0,685.0
2019.09.06,1585.0,205.0,1300.0,1585.0,1300.0,20.0
2019.09.05,1380.0,40.0,1345.0,1380.0,1345.0,1667.0
2019.09.04,1340.0,10.0,1340.0,1340.0,1340.0,130.0
2019.09.03,1350.0,120.0,1055.0,1350.0,1055.0,20006.0
2019.09.02,1230.0,70.0,1495.0,1495.0,1230.0,1714.0
2019.08.30,1300.0,0.0,1300.0,1300.0,1300.0,0.0
2019.08.29,1300.0,0.0,1300.0,1300.0,1300.0,380.0
2019.08.28,1300.0,0.0,1300.0,1300.0,1300.0,0.0
2019.08.27,1300.0,0.0,1300.0,1300.0,1300.0,0.0
2019.08.26,1300.0,0.0,1300.0,1300.0,1300.0,0.0
2019.08.23,1300.0,50.0,1310.0,1310.0,1300.0,15.0
2019.08.22,1350.0,0.0,1350.0,1350.0,1350.0,10.0
2019.08.21,1350.0,0.0,1350.0,1350.0,1350.0,0.0
2019.08.20,1350.0,75.0,1275.0,1350.0,1100.0,342.0
2019.08.19,1275.0,225.0,1450.0,1450.0,1275.0,715.0
2019.08.16,1500.0,0.0,1500.0,1500.0,1500.0,0.0
2019.08.14,1500.0,0.0,1500.0,1500.0,1500.0,225.0
2019.08.13,1500.0,0.0,1500.0,1500.0,1500.0,0.0
2019.08.12,1500.0,55.0,1500.0,1500.0,1445.0,211.0
2019.08.09,1445.0,60.0,1450.0,1450.0,1445.0,6636.0
2019.08.08,1385.0,5.0,1390.0,1390.0,1380.0,3700.0
2019.08.07,1390.0,95.0,1415.0,1415.0,1390.0,282.0
2019.08.06,1295.0,95.0,1380.0,1380.0,1295.0,1793.0
2019.08.05,1200.0,105.0,1200.0,1200.0,1200.0,4166.0
2019.08.02,1095.0,141.0,1095.0,1095.0,1095.0,8496.0
2019.08.01,954.0,124.0,954.0,954.0,954.0,1.0
2019.07.31,830.0,130.0,1100.0,1100.0,830.0,106.0
2019.07.30,960.0,125.0,740.0,960.0,740.0,130.0
2019.07.29,835.0,80.0,1050.0,1050.0,788.0,1026.0
2019.07.26,915.0,145.0,1215.0,1215.0,915.0,5.0
2019.07.25,1060.0,5.0,1210.0,1210.0,927.0,3.0
2019.07.24,1055.0,180.0,1055.0,1235.0,1055.0,1051.0
2019.07.23,1235.0,170.0,1235.0,1235.0,1235.0,0.0
2019.07.22,1405.0,165.0,1405.0,1405.0,1405.0,1.0
2019.07.19,1240.0,10.0,1080.0,1240.0,1080.0,1012.0
2019.07.18,1250.0,150.0,1250.0,1250.0,1250.0,1.0
2019.07.17,1100.0,140.0,1055.0,1100.0,1055.0,1601.0
2019.07.16,1240.0,45.0,1095.0,1240.0,1095.0,1105.0
2019.07.15,1285.0,5.0,1105.0,1285.0,1105.0,5501.0
2019.07.12,1290.0,20.0,1235.0,1290.0,1235.0,920.0
2019.07.11,1270.0,0.0,1235.0,1270.0,1235.0,901.0
2019.07.10,1270.0,20.0,1255.0,1270.0,1255.0,801.0
2019.07.09,1290.0,5.0,1260.0,1290.0,1260.0,801.0
2019.07.08,1295.0,10.0,1270.0,1295.0,1270.0,801.0
2019.07.05,1305.0,40.0,1305.0,1305.0,1305.0,800.0
2019.07.04,1345.0,40.0,1270.0,1345.0,1270.0,801.0
2019.07.03,1305.0,35.0,1305.0,1305.0,1305.0,800.0
2019.07.02,1340.0,20.0,1285.0,1340.0,1285.0,801.0
2019.07.01,1320.0,5.0,1120.0,1320.0,1120.0,651.0
2019.06.28,1315.0,35.0,1315.0,1315.0,1315.0,800.0
2019.06.27,1350.0,30.0,1130.0,1350.0,1125.0,8002.0
2019.06.26,1320.0,70.0,1320.0,1320.0,1320.0,800.0
2019.06.25,1390.0,95.0,1390.0,1390.0,1390.0,1.0
2019.06.24,1295.0,55.0,1295.0,1295.0,1295.0,800.0
2019.06.21,1350.0,0.0,1420.0,1420.0,1170.0,284.0
2019.06.20,1350.0,45.0,1395.0,1395.0,1350.0,301.0
2019.06.19,1305.0,90.0,1200.0,1310.0,1190.0,1800.0
2019.06.18,1395.0,60.0,1395.0,1395.0,1395.0,1.0
2019.06.17,1335.0,35.0,1265.0,1335.0,1265.0,801.0
2019.06.14,1300.0,110.0,1025.0,1300.0,1025.0,64.0
2019.06.13,1190.0,210.0,1190.0,1190.0,1190.0,816.0
2019.06.12,1400.0,105.0,1400.0,1400.0,1400.0,1.0
2019.06.11,1295.0,35.0,1295.0,1295.0,1295.0,800.0
2019.06.10,1330.0,15.0,1120.0,1330.0,1120.0,3001.0
2019.06.07,1315.0,25.0,1305.0,1315.0,1170.0,2301.0
2019.06.05,1340.0,35.0,1270.0,1340.0,1270.0,801.0
2019.06.04,1305.0,35.0,1305.0,1305.0,1305.0,800.0
2019.06.03,1340.0,40.0,1340.0,1340.0,1340.0,800.0
2019.05.31,1380.0,65.0,1130.0,1380.0,1130.0,56.0
2019.05.30,1315.0,35.0,1315.0,1315.0,1315.0,800.0
2019.05.29,1350.0,40.0,1350.0,1350.0,1350.0,800.0
2019.05.28,1390.0,80.0,1390.0,1390.0,1390.0,239.0
2019.05.27,1310.0,35.0,1310.0,1310.0,1310.0,800.0
2019.05.24,1345.0,55.0,1360.0,1360.0,1190.0,4394.0
2019.05.23,1400.0,140.0,1310.0,1400.0,1310.0,1511.0
2019.05.22,1540.0,15.0,1325.0,1540.0,1325.0,1001.0
2019.05.21,1555.0,90.0,1555.0,1555.0,1555.0,11.0
2019.05.20,1465.0,25.0,1400.0,1465.0,1225.0,3811.0
2019.05.17,1440.0,40.0,1440.0,1440.0,1440.0,700.0
2019.05.16,1480.0,10.0,1450.0,1480.0,1270.0,711.0
2019.05.15,1490.0,35.0,1300.0,1490.0,1300.0,802.0
2019.05.14,1525.0,175.0,1530.0,1530.0,1525.0,661.0
2019.05.13,1350.0,45.0,1195.0,1350.0,1190.0,3351.0
2019.05.10,1395.0,170.0,1410.0,1410.0,1335.0,551.0
2019.05.09,1565.0,0.0,1520.0,1565.0,1335.0,1131.0
2019.05.08,1565.0,275.0,1790.0,1790.0,1565.0,670.0
2019.05.07,1840.0,105.0,1840.0,1840.0,1840.0,1.0
2019.05.03,1735.0,95.0,1395.0,1735.0,1395.0,10262.0
2019.05.02,1640.0,165.0,1640.0,1640.0,1255.0,1214.0
2019.04.30,1475.0,255.0,1475.0,1475.0,1475.0,22.0
2019.04.29,1730.0,185.0,1730.0,1730.0,1730.0,1.0
2019.04.26,1545.0,145.0,1200.0,1545.0,1190.0,5022.0
2019.04.25,1400.0,245.0,1400.0,1400.0,1400.0,30.0
2019.04.24,1645.0,220.0,1590.0,2035.0,1590.0,23.0
2019.04.23,1865.0,230.0,1865.0,1865.0,1865.0,1.0
2019.04.22,1635.0,210.0,1635.0,1635.0,1635.0,1.0
2019.04.19,1425.0,250.0,1425.0,1425.0,1425.0,700.0
2019.04.18,1675.0,290.0,1675.0,1675.0,1675.0,600.0
2019.04.17,1965.0,0.0,1965.0,1965.0,1965.0,1.0
2019.04.16,1965.0,210.0,1495.0,1965.0,1495.0,4.0
2019.04.15,1755.0,305.0,1755.0,1755.0,1755.0,520.0
2019.04.12,2060.0,60.0,1945.0,2060.0,1945.0,601.0
2019.04.11,2000.0,50.0,2000.0,2000.0,2000.0,1.0
2019.04.10,1950.0,210.0,1950.0,1950.0,1950.0,1.0
2019.04.09,1740.0,190.0,1740.0,1740.0,1740.0,1.0
2019.04.08,1550.0,0.0,1505.0,1550.0,1505.0,701.0
2019.04.05,1550.0,60.0,1270.0,1550.0,1270.0,2001.0
2019.04.04,1490.0,260.0,1490.0,1490.0,1490.0,1800.0
2019.04.03,1750.0,50.0,1655.0,1750.0,1655.0,701.0
2019.04.02,1700.0,295.0,2070.0,2070.0,1700.0,201.0
2019.04.01,1995.0,70.0,1995.0,1995.0,1995.0,500.0
2019.03.29,2065.0,215.0,1850.0,2065.0,1850.0,2.0
2019.03.28,1850.0,35.0,1765.0,1850.0,1550.0,1101.0
2019.03.27,1815.0,315.0,1815.0,1815.0,1815.0,500.0
2019.03.26,2130.0,145.0,1695.0,2130.0,1690.0,152.0
2019.03.25,1985.0,15.0,1945.0,1985.0,1700.0,1001.0
2019.03.22,2000.0,50.0,1750.0,2000.0,1750.0,201.0
2019.03.21,2050.0,350.0,2500.0,2500.0,2050.0,301.0
2019.03.20,2400.0,210.0,2220.0,2995.0,2220.0,103.0
2019.03.19,2610.0,460.0,2610.0,2610.0,2610.0,10.0
2019.03.18,3070.0,540.0,3070.0,3070.0,3070.0,300.0
2019.03.15,3610.0,460.0,3610.0,3610.0,3610.0,1.0
2019.03.14,3150.0,150.0,3150.0,3150.0,3150.0,1.0
2019.03.13,3000.0,340.0,3000.0,3000.0,3000.0,1.0
2019.03.12,2660.0,465.0,2660.0,2660.0,2660.0,400.0
2019.03.11,3125.0,240.0,3125.0,3125.0,3125.0,1.0
2019.03.08,2885.0,65.0,2520.0,2995.0,2520.0,4.0
2019.03.07,2950.0,210.0,2950.0,2950.0,2950.0,1.0
2019.03.06,2740.0,65.0,2635.0,2740.0,2635.0,401.0
2019.03.05,2805.0,95.0,2690.0,2805.0,2690.0,401.0
2019.03.04,2900.0,200.0,2900.0,2900.0,2900.0,1.0
2019.02.28,2700.0,10.0,2635.0,2700.0,2635.0,401.0
2019.02.27,2710.0,80.0,2710.0,2710.0,2710.0,400.0
2019.02.26,2790.0,90.0,2790.0,2790.0,2790.0,1.0
2019.02.25,2700.0,265.0,2700.0,2700.0,2700.0,1.0
2019.02.22,2435.0,70.0,2300.0,2435.0,2150.0,519.0
2019.02.21,2365.0,0.0,2365.0,2365.0,2365.0,1.0
2019.02.20,2365.0,305.0,2365.0,2365.0,2365.0,1.0
2019.02.19,2060.0,5.0,2005.0,2060.0,2005.0,501.0
2019.02.18,2065.0,265.0,2065.0,2065.0,2065.0,1.0
2019.02.15,1800.0,150.0,1800.0,1800.0,1800.0,1.0
2019.02.14,1650.0,45.0,1650.0,1650.0,1650.0,700.0
2019.02.13,1695.0,55.0,1695.0,1695.0,1695.0,600.0
2019.02.12,1750.0,50.0,1655.0,1750.0,1450.0,1001.0
2019.02.11,1700.0,100.0,1530.0,1700.0,1530.0,101.0
2019.02.08,1800.0,100.0,1620.0,1800.0,1620.0,51.0
2019.02.07,1900.0,170.0,1760.0,1900.0,1760.0,163.0
2019.02.01,2070.0,5.0,2070.0,2070.0,2070.0,1.0
2019.01.31,2065.0,60.0,1950.0,2065.0,1950.0,601.0
2019.01.30,2005.0,5.0,1945.0,2005.0,1945.0,601.0
2019.01.29,2010.0,170.0,2070.0,2070.0,2010.0,3.0
2019.01.28,1840.0,0.0,1840.0,1840.0,1840.0,1.0
2019.01.25,1840.0,240.0,1840.0,1840.0,1840.0,1.0
2019.01.24,1600.0,200.0,1600.0,1600.0,1600.0,1.0
2019.01.23,1400.0,10.0,1350.0,1400.0,1200.0,4801.0
2019.01.22,1390.0,40.0,1315.0,1390.0,1315.0,890.0
2019.01.21,1350.0,55.0,1350.0,1350.0,1350.0,1.0
2019.01.18,1295.0,120.0,1175.0,1295.0,1175.0,51.0
2019.01.17,1175.0,0.0,1175.0,1175.0,1175.0,0.0
2019.01.16,1175.0,35.0,1175.0,1175.0,1175.0,900.0
2019.01.15,1210.0,35.0,1210.0,1210.0,1210.0,650.0
2019.01.14,1245.0,105.0,1245.0,1245.0,1245.0,800.0
2019.01.11,1350.0,50.0,1345.0,1350.0,1200.0,1502.0
2019.01.10,1400.0,90.0,1400.0,1400.0,1400.0,1.0
2019.01.09,1310.0,15.0,1260.0,1310.0,1260.0,801.0
2019.01.08,1295.0,60.0,1295.0,1295.0,1295.0,800.0
2019.01.07,1355.0,75.0,1355.0,1355.0,1355.0,1.0
2019.01.04,1280.0,25.0,1355.0,1355.0,1280.0,11.0
2019.01.03,1255.0,155.0,1255.0,1255.0,1255.0,1.0
2019.01.02,1100.0,100.0,1025.0,1100.0,971.0,1102.0
2018.12.28,1000.0,29.0,1005.0,1050.0,1000.0,101.0
2018.12.27,971.0,29.0,1000.0,1050.0,971.0,2327.0
2018.12.26,1000.0,80.0,1080.0,1080.0,1000.0,1005.0
2018.12.24,1080.0,30.0,915.0,1080.0,915.0,1003.0
2018.12.21,1050.0,102.0,976.0,1050.0,921.0,1192.0
2018.12.20,948.0,27.0,948.0,1050.0,948.0,2181.0
2018.12.19,921.0,27.0,976.0,976.0,921.0,1101.0
2018.12.18,948.0,27.0,948.0,948.0,948.0,1200.0
2018.12.17,921.0,27.0,950.0,1050.0,921.0,2683.0
2018.12.14,948.0,28.0,1000.0,1050.0,948.0,2101.0
2018.12.13,976.0,29.0,1030.0,1050.0,976.0,2102.0
2018.12.12,1005.0,45.0,1005.0,1005.0,1005.0,1100.0
2018.12.11,960.0,0.0,988.0,988.0,960.0,1101.0
2018.12.10,960.0,3.0,1050.0,1050.0,960.0,1001.0
2018.12.07,957.0,28.0,1010.0,1010.0,957.0,1101.0
2018.12.06,985.0,62.0,980.0,1050.0,980.0,22981.0
2018.12.05,923.0,27.0,978.0,1050.0,923.0,2101.0
2018.12.04,950.0,28.0,1005.0,1005.0,950.0,1101.0
2018.12.03,978.0,28.0,978.0,978.0,978.0,1100.0
2018.11.30,950.0,11.0,1075.0,1075.0,950.0,2.0
2018.11.29,939.0,122.0,939.0,939.0,939.0,10.0
2018.11.28,817.0,131.0,1090.0,1090.0,815.0,3203.0
2018.11.27,948.0,27.0,948.0,948.0,948.0,1200.0
2018.11.26,921.0,120.0,921.0,921.0,921.0,1600.0
2018.11.23,801.0,25.0,801.0,801.0,801.0,1400.0
2018.11.22,776.0,1.0,798.0,798.0,776.0,1401.0
2018.11.21,775.0,20.0,818.0,818.0,775.0,1301.0
2018.11.20,795.0,20.0,839.0,839.0,795.0,1301.0
2018.11.19,815.0,134.0,1090.0,1090.0,815.0,193.0
2018.11.16,949.0,0.0,977.0,1090.0,949.0,13102.0
2018.11.15,949.0,123.0,949.0,949.0,949.0,2001.0
2018.11.14,826.0,24.0,977.0,977.0,826.0,1401.0
2018.11.13,850.0,24.0,850.0,850.0,850.0,1300.0
2018.11.12,826.0,144.0,1115.0,1115.0,826.0,2.0
2018.11.09,970.0,126.0,970.0,970.0,970.0,1300.0
2018.11.08,844.0,147.0,1135.0,1135.0,844.0,2.0
2018.11.07,991.0,129.0,991.0,991.0,991.0,1200.0
2018.11.06,862.0,148.0,1160.0,1160.0,862.0,2.0
2018.11.05,1010.0,128.0,1010.0,1010.0,1010.0,1200.0
2018.11.02,882.0,0.0,882.0,882.0,882.0,0.0
2018.11.01,882.0,138.0,880.0,882.0,880.0,81.0
2018.10.31,1020.0,140.0,1020.0,1020.0,1020.0,1.0
2018.10.30,1160.0,200.0,1325.0,1325.0,1160.0,801.0
2018.10.29,1360.0,0.0,1325.0,1360.0,1325.0,801.0
2018.10.26,1360.0,0.0,1325.0,1360.0,1325.0,801.0
2018.10.25,1360.0,0.0,1325.0,1360.0,1325.0,801.0
2018.10.24,1360.0,0.0,1325.0,1360.0,1325.0,801.0
2018.10.23,1360.0,0.0,1325.0,1360.0,1325.0,801.0
2018.10.22,1360.0,40.0,1285.0,1360.0,1285.0,801.0
2018.10.19,1320.0,35.0,1320.0,1320.0,1320.0,800.0
2018.10.18,1355.0,105.0,1355.0,1355.0,1355.0,1.0
2018.10.17,1250.0,90.0,1150.0,1250.0,1150.0,101.0
2018.10.16,1340.0,40.0,1265.0,1340.0,1265.0,801.0
2018.10.15,1300.0,50.0,1300.0,1300.0,1300.0,10.0
2018.10.12,1350.0,150.0,1350.0,1350.0,1350.0,1.0
2018.10.11,1200.0,100.0,950.0,1200.0,950.0,2.0
2018.10.10,1100.0,105.0,1050.0,1100.0,1050.0,1003.0
2018.10.08,1205.0,35.0,1205.0,1205.0,1205.0,1.0
2018.10.05,1170.0,30.0,1170.0,1170.0,1170.0,900.0
2018.10.04,1200.0,0.0,1050.0,1200.0,1050.0,901.0
2018.10.02,1200.0,0.0,1050.0,1200.0,1050.0,16.0
2018.10.01,1200.0,35.0,1200.0,1200.0,1200.0,500.0
2018.09.28,1235.0,60.0,1235.0,1235.0,1235.0,800.0
2018.09.27,1295.0,95.0,1295.0,1295.0,1295.0,800.0
2018.09.21,1390.0,0.0,1185.0,1395.0,1185.0,1486.0
2018.09.20,1390.0,140.0,1390.0,1390.0,1390.0,1.0
2018.09.19,1250.0,130.0,1010.0,1250.0,1010.0,2.0
2018.09.18,1120.0,30.0,1120.0,1120.0,1120.0,910.0
2018.09.17,1150.0,135.0,1050.0,1150.0,1050.0,1101.0
2018.09.14,1015.0,95.0,1015.0,1015.0,1015.0,2000.0
2018.09.13,1110.0,190.0,1110.0,1265.0,1110.0,2801.0
2018.09.12,1300.0,95.0,1350.0,1350.0,1025.0,2003.0
2018.09.11,1205.0,155.0,1205.0,1205.0,1205.0,1.0
2018.09.10,1050.0,50.0,1050.0,1050.0,1050.0,1100.0
2018.09.07,1000.0,150.0,1150.0,1150.0,1000.0,2001.0
2018.09.06,1150.0,90.0,1240.0,1330.0,1150.0,1321.0
2018.09.05,1240.0,160.0,1240.0,1240.0,1240.0,124.0
2018.09.04,1080.0,175.0,1080.0,1080.0,1080.0,1.0
2018.09.03,1255.0,35.0,1255.0,1255.0,1255.0,900.0
2018.08.31,1220.0,0.0,1220.0,1220.0,1220.0,2.0
2018.08.30,1220.0,0.0,1330.0,1330.0,1220.0,3030.0
2018.08.29,1220.0,20.0,1220.0,1220.0,1220.0,1500.0
2018.08.28,1200.0,150.0,1300.0,1300.0,1200.0,30.0
2018.08.27,1350.0,20.0,1520.0,1520.0,1350.0,201.0
2018.08.24,1330.0,130.0,1040.0,1330.0,1040.0,2001.0
2018.08.23,1200.0,200.0,1200.0,1200.0,1200.0,1.0
2018.08.22,1400.0,135.0,1535.0,1535.0,1400.0,30.0
2018.08.21,1535.0,45.0,1535.0,1535.0,1535.0,700.0
2018.08.20,1580.0,80.0,1580.0,1580.0,1580.0,1.0
2018.08.17,1500.0,190.0,1500.0,1500.0,1500.0,2.0
2018.08.16,1310.0,220.0,1400.0,1400.0,1310.0,139.0
2018.08.14,1530.0,85.0,1230.0,1650.0,1230.0,6.0
2018.08.13,1445.0,250.0,1445.0,1445.0,1445.0,700.0
2018.08.10,1695.0,105.0,1695.0,1695.0,1695.0,600.0
2018.08.09,1800.0,220.0,1800.0,1800.0,1800.0,1.0
2018.08.08,1580.0,200.0,1215.0,1580.0,1215.0,3401.0
2018.08.07,1380.0,175.0,1050.0,1380.0,1050.0,635.0
2018.08.06,1205.0,175.0,1340.0,1340.0,1205.0,801.0
2018.08.03,1380.0,160.0,1310.0,1380.0,1310.0,3180.0
2018.08.02,1540.0,45.0,1455.0,1540.0,1455.0,701.0
2018.08.01,1495.0,40.0,1495.0,1495.0,1495.0,700.0
2018.07.31,1535.0,45.0,1535.0,1535.0,1535.0,700.0
2018.07.30,1580.0,40.0,1500.0,1580.0,1500.0,701.0
2018.07.27,1540.0,110.0,1540.0,1540.0,1250.0,249.0
2018.07.26,1430.0,130.0,1430.0,1430.0,1430.0,1.0
2018.07.25,1300.0,55.0,1115.0,1385.0,1070.0,1109.0
2018.07.24,1245.0,35.0,1245.0,1390.0,1245.0,902.0
2018.07.23,1210.0,170.0,1340.0,1340.0,1210.0,801.0
2018.07.20,1380.0,235.0,1700.0,1700.0,1375.0,2278.0
2018.07.19,1615.0,285.0,1615.0,1615.0,1615.0,1.0
2018.07.18,1900.0,205.0,1445.0,1900.0,1445.0,301.0
2018.07.17,1695.0,195.0,1725.0,1725.0,1300.0,3805.0
2018.07.16,1500.0,200.0,1500.0,1500.0,1445.0,42.0
2018.07.13,1700.0,285.0,1900.0,1945.0,1690.0,1419.0
2018.07.12,1985.0,0.0,1985.0,1985.0,1985.0,2.0
2018.07.11,1985.0,190.0,1600.0,1985.0,1530.0,50.0
2018.07.10,1795.0,70.0,1980.0,1980.0,1470.0,402.0
2018.07.09,1725.0,225.0,1275.0,1725.0,1275.0,1241.0
2018.07.06,1500.0,220.0,1970.0,1970.0,1500.0,41.0
2018.07.05,1720.0,50.0,1720.0,1720.0,1720.0,600.0
2018.07.04,1770.0,230.0,1540.0,1770.0,1540.0,41.0
2018.07.03,1540.0,0.0,1540.0,1540.0,1540.0,84.0
2018.07.02,1540.0,160.0,1175.0,1540.0,1175.0,2.0
2018.06.29,1380.0,175.0,1380.0,1380.0,1380.0,1.0
2018.06.28,1205.0,150.0,1350.0,1350.0,1205.0,5.0
2018.06.27,1355.0,235.0,1650.0,1650.0,1355.0,9.0
2018.06.26,1590.0,0.0,1825.0,1825.0,1355.0,8.0
2018.06.25,1590.0,205.0,1590.0,1590.0,1590.0,1.0
2018.06.22,1385.0,180.0,1305.0,1385.0,1305.0,5.0
2018.06.21,1205.0,50.0,1205.0,1205.0,1205.0,1.0
2018.06.20,1155.0,40.0,950.0,1280.0,950.0,1105.0
2018.06.19,1115.0,90.0,1385.0,1385.0,1115.0,4.0
2018.06.18,1205.0,165.0,1370.0,1370.0,1205.0,451.0
2018.06.15,1370.0,240.0,1550.0,1550.0,1370.0,1048.0
2018.06.14,1610.0,210.0,1610.0,1610.0,1215.0,4.0
2018.06.12,1400.0,10.0,1370.0,1400.0,1235.0,802.0
2018.06.11,1410.0,245.0,1500.0,1500.0,1410.0,77.0
2018.06.08,1655.0,290.0,1655.0,2180.0,1655.0,1030.0
2018.06.07,1945.0,230.0,1850.0,2180.0,1850.0,156.0
2018.06.05,2175.0,5.0,2120.0,2175.0,2120.0,501.0
2018.06.04,2180.0,5.0,1860.0,2180.0,1860.0,501.0
2018.06.01,2185.0,285.0,2185.0,2185.0,2185.0,1.0
2018.05.31,1900.0,210.0,1900.0,1900.0,1900.0,1.0
2018.05.30,1690.0,190.0,1690.0,1690.0,1690.0,1.0
2018.05.29,1500.0,110.0,1550.0,1550.0,1225.0,230.0
2018.05.28,1390.0,175.0,1215.0,1395.0,1215.0,107.0
2018.05.25,1215.0,80.0,1305.0,1305.0,967.0,1902.0
2018.05.24,1135.0,145.0,1135.0,1135.0,1135.0,1.0
2018.05.23,990.0,165.0,1325.0,1325.0,990.0,1757.0
2018.05.21,1155.0,35.0,1155.0,1155.0,1155.0,1.0
2018.05.18,1120.0,90.0,1390.0,1390.0,1120.0,13.0
2018.05.17,1210.0,55.0,1300.0,1300.0,1210.0,230.0
2018.05.16,1155.0,55.0,1260.0,1265.0,1155.0,3.0
2018.05.15,1100.0,30.0,1100.0,1230.0,1100.0,1002.0
2018.05.14,1070.0,137.0,1070.0,1070.0,1070.0,1.0
2018.05.11,933.0,121.0,933.0,933.0,933.0,1.0
2018.05.10,812.0,88.0,1035.0,1035.0,770.0,4.0
2018.05.09,900.0,117.0,900.0,900.0,771.0,3.0
2018.05.08,783.0,127.0,1045.0,1045.0,775.0,4.0
2018.05.04,910.0,150.0,1215.0,1215.0,910.0,5.0
2018.05.03,1060.0,137.0,1060.0,1060.0,791.0,3.0
2018.05.02,923.0,2.0,1055.0,1055.0,923.0,2.0
2018.04.30,921.0,120.0,921.0,921.0,762.0,3.0
2018.04.27,801.0,120.0,1055.0,1055.0,786.0,4.0
2018.04.26,921.0,159.0,1240.0,1240.0,921.0,874.0
2018.04.25,1080.0,139.0,1080.0,1080.0,811.0,966.0
2018.04.24,941.0,1.0,1080.0,1080.0,941.0,1101.0
2018.04.23,940.0,165.0,1270.0,1270.0,940.0,2.0
2018.04.20,1105.0,144.0,1105.0,1105.0,818.0,3.0
2018.04.19,961.0,24.0,1130.0,1130.0,951.0,5.0
2018.04.18,985.0,170.0,1300.0,1325.0,985.0,1451.0
2018.04.17,1155.0,20.0,1300.0,1300.0,1155.0,1501.0
2018.04.16,1135.0,30.0,1135.0,1135.0,1135.0,1000.0
2018.04.13,1105.0,145.0,1105.0,1105.0,1105.0,1.0
2018.04.12,1250.0,0.0,1350.0,1350.0,1250.0,2.0
2018.04.11,1250.0,50.0,1020.0,1350.0,1020.0,3.0
2018.04.10,1200.0,35.0,1270.0,1270.0,1200.0,835.0
2018.04.09,1235.0,0.0,1270.0,1270.0,1235.0,835.0
2018.04.06,1235.0,215.0,1410.0,1410.0,1235.0,711.0
2018.04.05,1450.0,150.0,1205.0,1450.0,1205.0,611.0
2018.04.04,1300.0,75.0,1390.0,1390.0,1300.0,1130.0
2018.04.03,1225.0,35.0,1225.0,1300.0,1225.0,1694.0
2018.04.02,1190.0,155.0,1190.0,1190.0,1190.0,11.0
2018.03.30,1035.0,160.0,1370.0,1370.0,1035.0,2.0
2018.03.29,1195.0,195.0,1190.0,1580.0,1185.0,5409.0
2018.03.28,1390.0,235.0,1390.0,1390.0,1390.0,1000.0
2018.03.27,1625.0,285.0,1625.0,1625.0,1625.0,1.0
2018.03.26,1910.0,180.0,1910.0,1910.0,1475.0,4.0
2018.03.23,1730.0,50.0,1730.0,1730.0,1550.0,2780.0
2018.03.22,1780.0,230.0,1780.0,1780.0,1780.0,1.0
2018.03.21,1550.0,165.0,1550.0,1550.0,1205.0,1313.0
2018.03.20,1385.0,180.0,1025.0,1385.0,1025.0,4.0
2018.03.19,1205.0,55.0,1300.0,1320.0,1150.0,1205.0
2018.03.16,1150.0,50.0,1100.0,1250.0,1100.0,3002.0
2018.03.15,1100.0,30.0,1100.0,1100.0,1100.0,962.0
2018.03.14,1070.0,30.0,1130.0,1250.0,1070.0,1437.0
2018.03.13,1100.0,0.0,1265.0,1265.0,1100.0,2.0
2018.03.12,1100.0,100.0,1100.0,1100.0,1100.0,1.0
2018.03.09,1200.0,115.0,1245.0,1245.0,1200.0,2.0
2018.03.08,1085.0,108.0,1085.0,1085.0,1085.0,1054.0
2018.03.07,977.0,127.0,977.0,977.0,977.0,1.0
2018.03.06,850.0,150.0,850.0,850.0,850.0,1.0
2018.03.05,1000.0,120.0,955.0,1280.0,955.0,502.0
2018.03.02,1120.0,190.0,1120.0,1120.0,1120.0,1.0
2018.02.28,1310.0,190.0,1600.0,1700.0,1275.0,2003.0
2018.02.27,1500.0,200.0,1955.0,1955.0,1500.0,3.0
2018.02.26,1700.0,300.0,2000.0,2000.0,1700.0,123.0
2018.02.23,2000.0,105.0,2175.0,2175.0,2000.0,36.0
2018.02.22,1895.0,285.0,1895.0,1895.0,1895.0,472.0
2018.02.21,2180.0,280.0,2180.0,2180.0,2180.0,1.0
2018.02.20,1900.0,0.0,1845.0,1900.0,1845.0,544.0
2018.02.19,1900.0,0.0,1845.0,1900.0,1845.0,544.0
2018.02.14,1900.0,0.0,1770.0,1900.0,1770.0,71.0
2018.02.13,1900.0,100.0,1900.0,1900.0,1830.0,1581.0
2018.02.12,1800.0,185.0,1800.0,1800.0,1800.0,519.0
2018.02.09,1985.0,315.0,1985.0,1985.0,1985.0,448.0
2018.02.08,2300.0,260.0,2345.0,2345.0,2300.0,2.0
2018.02.07,2040.0,255.0,1520.0,2040.0,1520.0,5.0
2018.02.06,1785.0,315.0,1785.0,1785.0,1785.0,1.0
2018.02.05,2100.0,155.0,2100.0,2100.0,2100.0,1.0
2018.02.02,1945.0,55.0,1945.0,1945.0,1945.0,515.0
2018.02.01,2000.0,30.0,1975.0,2000.0,1975.0,508.0
2018.01.31,2030.0,60.0,2030.0,2030.0,2030.0,493.0
2018.01.30,2090.0,10.0,2040.0,2090.0,2040.0,492.0
2018.01.29,2100.0,0.0,2040.0,2100.0,2040.0,492.0
2018.01.26,2100.0,200.0,2100.0,2100.0,2100.0,1.0
2018.01.25,1900.0,205.0,1945.0,1945.0,1900.0,2.0
2018.01.24,1695.0,55.0,1695.0,1695.0,1695.0,589.0
2018.01.23,1750.0,25.0,1675.0,1750.0,1675.0,599.0
2018.01.22,1725.0,225.0,1725.0,1725.0,1725.0,11.0
2018.01.19,1500.0,50.0,1500.0,1500.0,1500.0,10.0
2018.01.18,1450.0,50.0,1450.0,1450.0,1450.0,1.0
2018.01.17,1400.0,120.0,1315.0,1400.0,1315.0,805.0
2018.01.16,1280.0,15.0,1280.0,1280.0,1280.0,27.0
2018.01.15,1265.0,35.0,1265.0,1265.0,1265.0,1.0
2018.01.12,1300.0,20.0,1290.0,1300.0,1095.0,2801.0
2018.01.11,1280.0,35.0,1280.0,1280.0,1280.0,827.0
2018.01.10,1245.0,35.0,1315.0,1315.0,1245.0,805.0
2018.01.09,1280.0,30.0,1280.0,1280.0,1280.0,1.0
2018.01.08,1310.0,0.0,1350.0,1350.0,1310.0,786.0
2018.01.05,1310.0,40.0,1310.0,1310.0,1310.0,810.0
2018.01.04,1270.0,40.0,1265.0,1350.0,1265.0,5000.0
2018.01.03,1230.0,80.0,1230.0,1230.0,1230.0,893.0
2018.01.02,1150.0,5.0,1300.0,1300.0,1150.0,2001.0
2017.12.28,1155.0,195.0,1155.0,1155.0,1155.0,0.0
2017.12.27,1350.0,120.0,1265.0,1350.0,1265.0,909.0
2017.12.26,1230.0,0.0,1300.0,1300.0,1230.0,368.0
2017.12.22,1230.0,10.0,1230.0,1230.0,1230.0,456.0
2017.12.21,1220.0,10.0,1245.0,1245.0,1220.0,805.0
2017.12.20,1210.0,35.0,1210.0,1300.0,1210.0,1828.0
2017.12.19,1175.0,150.0,1175.0,1175.0,1175.0,958.0
2017.12.18,1025.0,175.0,1240.0,1240.0,1025.0,4510.0
2017.12.15,1200.0,0.0,1250.0,1250.0,1200.0,1800.0
2017.12.14,1200.0,155.0,1200.0,1200.0,1190.0,5718.0
2017.12.13,1045.0,180.0,1045.0,1045.0,1045.0,1.0
2017.12.12,1225.0,35.0,1225.0,1225.0,1225.0,863.0
2017.12.11,1190.0,10.0,1190.0,1190.0,1190.0,284.0
2017.12.08,1180.0,0.0,1180.0,1180.0,1180.0,3.0
2017.12.07,1180.0,30.0,1180.0,1180.0,1180.0,1.0
2017.12.06,1150.0,85.0,1150.0,1150.0,1150.0,2.0
2017.12.05,1065.0,115.0,1185.0,1200.0,1065.0,2240.0
2017.12.04,1180.0,0.0,1015.0,1180.0,1015.0,701.0
2017.12.01,1180.0,190.0,1200.0,1200.0,1165.0,2003.0
2017.11.30,1370.0,170.0,1020.0,1375.0,1020.0,4.0
2017.11.29,1200.0,20.0,1015.0,1200.0,1015.0,27208.0
2017.11.28,1180.0,200.0,1175.0,1180.0,1175.0,23001.0
2017.11.27,1380.0,240.0,1380.0,1380.0,1380.0,1.0
2017.11.24,1620.0,170.0,1235.0,1620.0,1235.0,11.0
2017.11.23,1450.0,160.0,1100.0,1450.0,1100.0,4.0
2017.11.22,1290.0,70.0,1105.0,1345.0,1040.0,20522.0
2017.11.21,1220.0,210.0,1640.0,1640.0,1220.0,16.0
2017.11.20,1430.0,170.0,1295.0,1430.0,1295.0,882.0
2017.11.17,1260.0,160.0,1260.0,1260.0,1150.0,2901.0
2017.11.16,1100.0,35.0,1215.0,1220.0,910.0,6.0
2017.11.15,1065.0,185.0,1435.0,1435.0,1065.0,4.0
2017.11.14,1250.0,160.0,1120.0,1250.0,1120.0,894.0
2017.11.13,1090.0,140.0,1090.0,1090.0,1090.0,74.0
2017.11.10,950.0,150.0,1265.0,1265.0,950.0,2.0
2017.11.09,1100.0,45.0,1085.0,1190.0,1085.0,1923.0
2017.11.08,1055.0,5.0,1080.0,1205.0,1000.0,931.0
2017.11.07,1050.0,0.0,1080.0,1080.0,1050.0,927.0
2017.11.06,1050.0,119.0,1050.0,1050.0,1050.0,1.0
2017.11.03,931.0,149.0,1240.0,1240.0,931.0,2.0
2017.11.02,1080.0,40.0,900.0,1195.0,900.0,4.0
2017.11.01,1040.0,134.0,950.0,1040.0,950.0,6.0
2017.10.31,906.0,154.0,1090.0,1215.0,906.0,1574.0
2017.10.30,1060.0,5.0,1085.0,1085.0,1060.0,977.0
2017.10.27,1055.0,50.0,1055.0,1055.0,1055.0,971.0
2017.10.26,1005.0,45.0,1080.0,1080.0,1000.0,983.0
2017.10.25,1050.0,100.0,1050.0,1050.0,1050.0,1.0
2017.10.24,1150.0,150.0,850.0,1150.0,850.0,11.0
2017.10.23,1000.0,50.0,1080.0,1205.0,1000.0,928.0
2017.10.20,1050.0,95.0,1095.0,1095.0,1050.0,201.0
2017.10.19,955.0,124.0,855.0,955.0,855.0,2725.0
2017.10.18,831.0,135.0,966.0,1100.0,831.0,7041.0
2017.10.17,966.0,164.0,1295.0,1295.0,966.0,2.0
2017.10.16,1130.0,190.0,1130.0,1130.0,1130.0,0.0
2017.10.13,1320.0,170.0,980.0,1320.0,980.0,2.0
2017.10.12,1150.0,50.0,935.0,1200.0,935.0,1008.0
2017.10.11,1100.0,5.0,1270.0,1270.0,1100.0,104.0
2017.10.10,1105.0,190.0,1105.0,1105.0,1105.0,0.0
2017.09.29,1295.0,165.0,1295.0,1295.0,1295.0,16.0
2017.09.28,1130.0,0.0,1130.0,1130.0,1130.0,0.0
2017.09.27,1130.0,20.0,1130.0,1130.0,1130.0,37.0
2017.09.26,1150.0,0.0,1150.0,1150.0,1150.0,0.0
2017.09.25,1150.0,150.0,1050.0,1150.0,1050.0,702.0
2017.09.22,1000.0,135.0,1000.0,1000.0,1000.0,1.0
2017.09.21,1135.0,20.0,1195.0,1195.0,1135.0,111.0
2017.09.20,1115.0,5.0,1165.0,1285.0,1115.0,25.0
2017.09.19,1120.0,143.0,1120.0,1120.0,1120.0,111.0
2017.09.18,977.0,168.0,977.0,977.0,977.0,0.0
2017.09.15,1145.0,80.0,1220.0,1220.0,1145.0,101.0
2017.09.14,1065.0,175.0,1065.0,1065.0,1065.0,0.0
2017.09.13,1240.0,70.0,995.0,1240.0,995.0,2.0
2017.09.12,1170.0,35.0,1170.0,1170.0,1170.0,1.0
2017.09.11,1135.0,195.0,1200.0,1200.0,1135.0,190.0
2017.09.08,1330.0,35.0,1330.0,1330.0,1330.0,0.0
2017.09.07,1295.0,25.0,1295.0,1295.0,1295.0,0.0
2017.09.06,1270.0,160.0,945.0,1275.0,945.0,5.0
2017.09.05,1110.0,30.0,1110.0,1110.0,1110.0,901.0
2017.09.04,1080.0,5.0,1080.0,1080.0,1080.0,801.0
2017.09.01,1075.0,25.0,1265.0,1265.0,1075.0,2.0
2017.08.31,1100.0,30.0,1100.0,1100.0,1100.0,962.0
2017.08.30,1070.0,30.0,1070.0,1070.0,1070.0,935.0
2017.08.29,1040.0,155.0,1040.0,1040.0,1040.0,0.0
2017.08.28,1195.0,0.0,1195.0,1195.0,1195.0,0.0
2017.08.25,1195.0,210.0,1195.0,1195.0,1195.0,3.0
2017.08.24,1405.0,245.0,1405.0,1405.0,1405.0,0.0
2017.08.23,1650.0,215.0,1650.0,1650.0,1650.0,1.0
2017.08.22,1435.0,185.0,1435.0,1435.0,1435.0,1.0
2017.08.21,1250.0,160.0,1120.0,1250.0,1120.0,945.0
2017.08.18,1090.0,180.0,1090.0,1090.0,1090.0,1.0
2017.08.17,1270.0,165.0,1135.0,1270.0,1110.0,3932.0
2017.08.16,1105.0,165.0,1105.0,1105.0,1105.0,0.0
2017.08.14,1270.0,160.0,945.0,1270.0,945.0,2.0
2017.08.11,1110.0,190.0,1110.0,1110.0,1110.0,0.0
2017.08.10,1300.0,115.0,1205.0,1300.0,1205.0,3034.0
2017.08.09,1415.0,245.0,1415.0,1415.0,1415.0,0.0
2017.08.08,1660.0,205.0,1660.0,1660.0,1660.0,1.0
2017.08.07,1455.0,40.0,1380.0,1455.0,1380.0,51.0
2017.08.04,1495.0,165.0,1310.0,1495.0,1135.0,101.0
2017.08.03,1330.0,50.0,1175.0,1330.0,1175.0,2002.0
2017.08.02,1380.0,0.0,1380.0,1380.0,1380.0,50.0
2017.08.01,1380.0,115.0,1380.0,1380.0,1380.0,50.0
2017.07.31,1495.0,115.0,1380.0,1495.0,1175.0,251.0
2017.07.28,1380.0,25.0,1380.0,1380.0,1380.0,50.0
2017.07.27,1355.0,90.0,1360.0,1360.0,1355.0,55.0
2017.07.26,1265.0,165.0,935.0,1265.0,935.0,2.0
2017.07.25,1100.0,35.0,915.0,1100.0,915.0,3507.0
2017.07.24,1065.0,5.0,1215.0,1215.0,1010.0,1111.0
2017.07.21,1060.0,40.0,1100.0,1150.0,1060.0,2268.0
2017.07.20,1100.0,100.0,1245.0,1245.0,1035.0,22551.0
2017.07.19,1200.0,145.0,1210.0,1210.0,1055.0,2202.0
2017.07.18,1055.0,185.0,1375.0,1375.0,1055.0,7826.0
2017.07.17,1240.0,70.0,1010.0,1240.0,1000.0,7501.0
2017.07.14,1170.0,205.0,1380.0,1380.0,1170.0,7969.0
2017.07.13,1375.0,0.0,1375.0,1375.0,1375.0,50.0
2017.07.12,1375.0,5.0,1380.0,1380.0,1200.0,1051.0
2017.07.11,1380.0,0.0,1380.0,1380.0,1380.0,50.0
2017.07.10,1380.0,0.0,1380.0,1380.0,1380.0,50.0
2017.07.07,1380.0,0.0,1380.0,1380.0,1380.0,0.0
2017.07.06,1380.0,5.0,1380.0,1380.0,1380.0,0.0
2017.07.05,1385.0,0.0,1385.0,1385.0,1385.0,0.0
2017.07.04,1385.0,5.0,1385.0,1385.0,1385.0,0.0
2017.07.03,1390.0,0.0,1390.0,1390.0,1390.0,0.0
2017.06.30,1390.0,5.0,1390.0,1390.0,1390.0,0.0
2017.06.29,1395.0,5.0,1395.0,1395.0,1395.0,0.0
2017.06.28,1400.0,120.0,1400.0,1400.0,1200.0,4.0
2017.06.27,1280.0,215.0,1280.0,1400.0,1280.0,2930.0
2017.06.26,1495.0,50.0,1495.0,1495.0,1495.0,1.0
2017.06.23,1445.0,150.0,1450.0,1450.0,1445.0,2.0
2017.06.22,1295.0,95.0,1295.0,1295.0,1295.0,4.0
2017.06.21,1200.0,5.0,1205.0,1380.0,1200.0,3182.0
2017.06.20,1205.0,75.0,1290.0,1290.0,1205.0,10.0
2017.06.19,1130.0,190.0,1125.0,1495.0,1125.0,33445.0
2017.06.16,1320.0,170.0,1320.0,1320.0,1320.0,1.0
2017.06.15,1150.0,145.0,1150.0,1150.0,1150.0,394.0
2017.06.14,1005.0,110.0,1280.0,1280.0,1005.0,13.0
2017.06.13,1115.0,75.0,1300.0,1300.0,1110.0,1510.0
2017.06.12,1190.0,205.0,1190.0,1400.0,1190.0,15043.0
2017.06.09,1395.0,175.0,1395.0,1395.0,1395.0,1.0
2017.06.08,1220.0,210.0,1220.0,1220.0,1220.0,1.0
2017.06.07,1430.0,250.0,1430.0,1430.0,1430.0,1.0
2017.06.05,1680.0,205.0,1255.0,1690.0,1255.0,2003.0
2017.06.02,1475.0,260.0,1475.0,1475.0,1475.0,202.0
2017.06.01,1735.0,305.0,1735.0,1735.0,1735.0,16.0
2017.05.31,2040.0,360.0,2040.0,2040.0,2040.0,0.0
2017.05.30,2400.0,5.0,2400.0,2400.0,2400.0,0.0
2017.05.29,2405.0,5.0,2405.0,2405.0,2405.0,0.0
2017.05.26,2410.0,0.0,2410.0,2410.0,2410.0,0.0
2017.05.25,2410.0,0.0,2410.0,2410.0,2410.0,0.0
2017.05.24,2410.0,10.0,2410.0,2410.0,2410.0,0.0
2017.05.23,2420.0,0.0,2420.0,2420.0,2420.0,0.0
2017.05.22,2420.0,0.0,2060.0,2420.0,2060.0,501.0
2017.05.19,2420.0,0.0,2350.0,2420.0,2350.0,427.0
2017.05.18,2420.0,5.0,2355.0,2420.0,2355.0,426.0
2017.05.17,2425.0,0.0,2200.0,2425.0,2200.0,1819.0
2017.05.16,2425.0,70.0,2425.0,2425.0,2425.0,413.0
2017.05.15,2495.0,0.0,2495.0,2495.0,2495.0,4000.0
2017.05.12,2495.0,0.0,2425.0,2495.0,2425.0,414.0
2017.05.11,2495.0,0.0,2425.0,2495.0,2425.0,414.0
2017.05.10,2495.0,340.0,2495.0,2495.0,2495.0,363.0
2017.05.08,2835.0,495.0,2835.0,2835.0,2835.0,15.0
2017.05.04,3330.0,0.0,3235.0,3330.0,3235.0,316.0
2017.05.02,3330.0,0.0,3235.0,3330.0,3230.0,313.0
2017.04.28,3330.0,310.0,3330.0,3330.0,3330.0,1.0
2017.04.27,3020.0,385.0,3020.0,3020.0,3020.0,1.0
2017.04.26,2635.0,335.0,2640.0,2640.0,1955.0,7.0
2017.04.25,2300.0,0.0,2000.0,2300.0,2000.0,2501.0
2017.04.24,2300.0,0.0,2235.0,2300.0,2235.0,449.0
2017.04.21,2300.0,20.0,2255.0,2300.0,2255.0,445.0
2017.04.20,2320.0,5.0,2260.0,2320.0,2260.0,444.0
2017.04.19,2325.0,405.0,2325.0,2325.0,2325.0,5.0
2017.04.18,2730.0,345.0,2730.0,2730.0,2300.0,2181.0
2017.04.17,2385.0,305.0,2385.0,2385.0,2385.0,1.0
2017.04.14,2080.0,0.0,2020.0,2080.0,2020.0,497.0
2017.04.13,2080.0,0.0,2020.0,2080.0,2020.0,498.0
2017.04.12,2080.0,10.0,1780.0,2080.0,1780.0,494.0
2017.04.11,2090.0,5.0,1785.0,2090.0,1785.0,493.0
2017.04.10,2095.0,60.0,1835.0,2095.0,1835.0,479.0
2017.04.07,2155.0,5.0,1840.0,2155.0,1840.0,478.0
2017.04.06,2160.0,260.0,2185.0,2185.0,1615.0,302.0
2017.04.05,1900.0,335.0,1900.0,1900.0,1900.0,5.0
2017.04.04,2235.0,0.0,2170.0,2235.0,2170.0,467.0
2017.04.03,2235.0,65.0,2235.0,2235.0,2235.0,448.0
2017.03.31,2300.0,150.0,2300.0,2300.0,2300.0,1.0
2017.03.30,2150.0,0.0,2090.0,2150.0,2090.0,480.0
2017.03.29,2150.0,40.0,2050.0,2150.0,2050.0,501.0
2017.03.28,2110.0,370.0,2110.0,2110.0,2110.0,5.0
2017.03.27,2480.0,15.0,2425.0,2480.0,2425.0,415.0
2017.03.24,2495.0,275.0,2495.0,2495.0,2495.0,1.0
2017.03.23,2220.0,70.0,1950.0,2290.0,1950.0,452.0
2017.03.22,2290.0,10.0,2215.0,2290.0,2215.0,449.0
2017.03.21,2300.0,0.0,2235.0,2300.0,2235.0,449.0
2017.03.20,2300.0,0.0,2235.0,2300.0,2235.0,450.0
2017.03.17,2300.0,405.0,2300.0,2300.0,2300.0,5.0
2017.03.16,2705.0,90.0,2705.0,2705.0,2705.0,369.0
2017.03.15,2795.0,360.0,2070.0,2795.0,2070.0,7.0
2017.03.14,2435.0,0.0,2350.0,2435.0,2350.0,425.0
2017.03.13,2435.0,310.0,1810.0,2435.0,1810.0,301.0
2017.03.10,2125.0,0.0,1810.0,2125.0,1810.0,501.0
2017.03.09,2125.0,370.0,2125.0,2490.0,2125.0,577.0
2017.03.08,2495.0,0.0,2425.0,2495.0,2425.0,414.0
2017.03.07,2495.0,230.0,2495.0,2495.0,2495.0,1.0
2017.03.06,2265.0,10.0,2210.0,2265.0,2210.0,454.0
2017.03.03,2275.0,5.0,1940.0,2275.0,1940.0,32.0
2017.03.02,2280.0,0.0,2215.0,2280.0,2215.0,453.0
2017.02.28,2280.0,285.0,1700.0,2280.0,1700.0,763.0
2017.02.27,1995.0,320.0,1995.0,1995.0,1995.0,445.0
2017.02.24,2315.0,15.0,1985.0,2315.0,1985.0,443.0
2017.02.23,2330.0,5.0,2270.0,2330.0,2270.0,442.0
2017.02.22,2335.0,5.0,2275.0,2335.0,2275.0,441.0
2017.02.21,2340.0,300.0,2035.0,2340.0,2035.0,2.0
2017.02.20,2040.0,360.0,2040.0,2040.0,2040.0,5.0
2017.02.17,2400.0,0.0,2335.0,2400.0,2335.0,430.0
2017.02.16,2400.0,30.0,2360.0,2400.0,2360.0,425.0
2017.02.15,2430.0,70.0,2430.0,2430.0,2430.0,412.0
2017.02.14,2500.0,0.0,2430.0,2500.0,2430.0,413.0
2017.02.13,2500.0,275.0,2500.0,2500.0,2500.0,372.0
2017.02.10,2775.0,20.0,2715.0,2775.0,2715.0,370.0
2017.02.09,2795.0,20.0,2735.0,2795.0,2735.0,367.0
2017.02.08,2815.0,10.0,2745.0,2815.0,2745.0,366.0
2017.02.07,2825.0,30.0,2775.0,2825.0,2775.0,362.0
2017.02.06,2855.0,365.0,2120.0,2855.0,2120.0,6.0
2017.02.03,2490.0,5.0,2425.0,2490.0,2425.0,414.0
2017.02.02,2495.0,325.0,2495.0,2495.0,2495.0,1.0
2017.02.01,2170.0,0.0,2110.0,2170.0,2110.0,475.0
2017.01.31,2170.0,10.0,2120.0,2170.0,2120.0,473.0
2017.01.26,2180.0,10.0,2130.0,2180.0,2130.0,471.0
2017.01.25,2190.0,0.0,2130.0,2190.0,2130.0,471.0
2017.01.24,2190.0,5.0,2135.0,2190.0,2135.0,470.0
2017.01.23,2195.0,245.0,2195.0,2195.0,2195.0,422.0
2017.01.20,2440.0,240.0,2440.0,2440.0,2440.0,1.0
2017.01.19,2200.0,235.0,2200.0,2200.0,2200.0,423.0
2017.01.18,2435.0,310.0,1810.0,2435.0,1810.0,3.0
2017.01.17,2125.0,370.0,2125.0,2125.0,2125.0,6.0
2017.01.16,2495.0,105.0,2495.0,2495.0,2495.0,397.0
2017.01.13,2600.0,130.0,2600.0,2600.0,2600.0,377.0
2017.01.12,2730.0,5.0,2660.0,2730.0,2325.0,380.0
2017.01.11,2735.0,10.0,2670.0,2735.0,2670.0,376.0
2017.01.10,2745.0,15.0,2680.0,2745.0,2680.0,375.0
2017.01.09,2760.0,80.0,2760.0,2760.0,2760.0,363.0
2017.01.06,2840.0,5.0,2420.0,2840.0,2420.0,11.0
2017.01.05,2845.0,25.0,2790.0,2845.0,2790.0,361.0
2017.01.04,2870.0,15.0,2805.0,2870.0,2805.0,359.0
2017.01.03,2885.0,370.0,2885.0,2885.0,2885.0,1.0
2017.01.02,2515.0,5.0,2450.0,2515.0,2145.0,411.0
2016.12.29,2520.0,75.0,2520.0,2520.0,2520.0,397.0
2016.12.28,2595.0,315.0,1940.0,2595.0,1940.0,2.0
2016.12.27,2280.0,65.0,2280.0,2280.0,2280.0,439.0
2016.12.26,2345.0,5.0,2285.0,2345.0,2000.0,450.0
2016.12.23,2350.0,0.0,2285.0,2350.0,2000.0,441.0
2016.12.22,2350.0,0.0,2285.0,2350.0,2000.0,441.0
2016.12.21,2350.0,100.0,2345.0,2350.0,2085.0,423.0
2016.12.20,2450.0,310.0,2450.0,2450.0,2450.0,1.0
2016.12.19,2140.0,0.0,2080.0,2140.0,1820.0,483.0
2016.12.16,2140.0,60.0,2140.0,2140.0,2140.0,470.0
2016.12.15,2200.0,0.0,2140.0,2200.0,2140.0,471.0
2016.12.14,2200.0,200.0,2200.0,2200.0,2200.0,1.0
2016.12.13,2000.0,175.0,2000.0,2000.0,2000.0,1.0
2016.12.12,1825.0,15.0,1790.0,1825.0,1565.0,562.0
2016.12.09,1840.0,55.0,1840.0,1840.0,1840.0,544.0
2016.12.08,1895.0,60.0,1895.0,1895.0,1895.0,527.0
2016.12.07,1955.0,255.0,1955.0,1955.0,1955.0,1.0
2016.12.06,1700.0,0.0,1655.0,1700.0,1655.0,606.0
2016.12.05,1700.0,0.0,1655.0,1700.0,1655.0,606.0
2016.12.02,1700.0,0.0,1445.0,1700.0,1445.0,6.0
2016.12.01,1700.0,50.0,1605.0,1700.0,1605.0,626.0
2016.11.30,1650.0,0.0,1605.0,1650.0,1605.0,626.0
2016.11.29,1650.0,0.0,1605.0,1650.0,1605.0,625.0
2016.11.28,1650.0,215.0,1650.0,1650.0,1650.0,1.0
2016.11.25,1435.0,40.0,1355.0,1435.0,1355.0,741.0
2016.11.24,1395.0,0.0,1200.0,1395.0,1200.0,6.0
2016.11.23,1395.0,40.0,1320.0,1395.0,1320.0,761.0
2016.11.22,1355.0,175.0,1200.0,1355.0,1200.0,2.0
2016.11.21,1180.0,150.0,880.0,1180.0,880.0,3.0
2016.11.18,1030.0,30.0,1030.0,1030.0,1030.0,1220.0
2016.11.17,1000.0,29.0,1005.0,1005.0,1000.0,1001.0
2016.11.16,971.0,29.0,1030.0,1030.0,971.0,1001.0
2016.11.15,1000.0,0.0,1025.0,1025.0,1000.0,981.0
2016.11.14,1000.0,0.0,1025.0,1025.0,1000.0,1031.0
2016.11.11,1000.0,0.0,1025.0,1025.0,1000.0,1031.0
2016.11.10,1000.0,160.0,1130.0,1130.0,1000.0,1602.0
2016.11.09,1160.0,35.0,1160.0,1160.0,1160.0,914.0
2016.11.08,1125.0,145.0,1005.0,1125.0,1005.0,1052.0
2016.11.07,980.0,4.0,840.0,980.0,840.0,45.0
2016.11.04,976.0,29.0,1030.0,1030.0,976.0,1001.0
2016.11.03,1005.0,5.0,1025.0,1025.0,1005.0,1031.0
2016.11.02,1000.0,30.0,1000.0,1000.0,1000.0,1602.0
2016.11.01,970.0,170.0,970.0,1005.0,970.0,12660.0
2016.10.31,1140.0,145.0,846.0,1140.0,846.0,602.0
2016.10.28,995.0,4.0,1010.0,1010.0,995.0,1011.0
2016.10.27,991.0,36.0,991.0,991.0,991.0,1080.0
2016.10.26,955.0,27.0,955.0,955.0,955.0,1110.0
2016.10.25,928.0,27.0,983.0,983.0,928.0,1083.0
2016.10.24,955.0,55.0,910.0,1035.0,910.0,4611.0
2016.10.21,900.0,120.0,1020.0,1020.0,900.0,80.0
2016.10.20,1020.0,20.0,1000.0,1150.0,1000.0,28901.0
2016.10.19,1000.0,70.0,1070.0,1070.0,910.0,59001.0
2016.10.18,1070.0,180.0,1305.0,1305.0,1070.0,19600.0
2016.10.17,1250.0,0.0,1285.0,1285.0,1250.0,780.0
2016.10.14,1250.0,0.0,1285.0,1285.0,1250.0,780.0
2016.10.13,1250.0,0.0,1285.0,1285.0,1250.0,1780.0
2016.10.12,1250.0,55.0,1250.0,1250.0,1250.0,300.0
2016.10.11,1195.0,155.0,1195.0,1195.0,1195.0,3.0
2016.10.10,1040.0,180.0,1040.0,1300.0,1040.0,12.0
2016.10.07,1220.0,200.0,1220.0,1220.0,1220.0,1.0
2016.10.06,1420.0,240.0,1420.0,1420.0,1420.0,40001.0
2016.10.05,1660.0,215.0,1400.0,1660.0,1400.0,10001.0
2016.10.04,1445.0,255.0,1445.0,1445.0,1445.0,0.0
2016.09.30,1700.0,130.0,1700.0,1700.0,1700.0,0.0
2016.09.29,1830.0,230.0,1400.0,1830.0,1360.0,1952.0
2016.09.28,1600.0,200.0,1600.0,1600.0,1600.0,1.0
2016.09.27,1400.0,0.0,1400.0,1400.0,1400.0,0.0
2016.09.26,1400.0,125.0,1400.0,1400.0,1400.0,1.0
2016.09.23,1275.0,165.0,1275.0,1275.0,1275.0,785.0
2016.09.22,1110.0,190.0,1400.0,1495.0,1110.0,2057.0
2016.09.21,1300.0,100.0,1200.0,1300.0,1200.0,40704.0
2016.09.20,1200.0,110.0,1200.0,1200.0,930.0,16001.0
2016.09.19,1090.0,139.0,1090.0,1090.0,1090.0,1.0
2016.09.13,951.0,104.0,951.0,951.0,951.0,0.0
2016.09.12,1055.0,175.0,1055.0,1055.0,1055.0,0.0
2016.09.09,1230.0,10.0,1230.0,1230.0,1230.0,8300.0
2016.09.08,1220.0,10.0,1400.0,1410.0,1220.0,1011.0
2016.09.07,1230.0,10.0,1230.0,1230.0,1230.0,14100.0
2016.09.06,1220.0,0.0,1230.0,1230.0,1040.0,12201.0
2016.09.05,1220.0,10.0,1240.0,1400.0,1220.0,31298.0
2016.09.02,1230.0,30.0,1295.0,1295.0,1230.0,901.0
2016.09.01,1260.0,10.0,1285.0,1285.0,1260.0,901.0
2016.08.31,1250.0,10.0,1420.0,1420.0,1250.0,2.0
2016.08.30,1240.0,20.0,1220.0,1240.0,1220.0,201.0
2016.08.29,1220.0,10.0,1245.0,1245.0,1220.0,901.0
2016.08.26,1210.0,0.0,1390.0,1390.0,1210.0,721.0
2016.08.25,1210.0,5.0,1395.0,1395.0,1210.0,718.0
2016.08.24,1215.0,35.0,1215.0,1215.0,1215.0,10000.0
2016.08.23,1250.0,20.0,1270.0,1270.0,1250.0,6300.0
2016.08.22,1270.0,40.0,1275.0,1310.0,1270.0,49531.0
2016.08.19,1310.0,90.0,1410.0,1410.0,1300.0,87418.0
2016.08.18,1400.0,15.0,1400.0,1400.0,1400.0,100.0
2016.08.17,1385.0,25.0,1560.0,1560.0,1385.0,645.0
2016.08.16,1360.0,25.0,1415.0,1590.0,1360.0,1630.0
2016.08.12,1385.0,40.0,1390.0,1390.0,1380.0,7077.0
2016.08.11,1425.0,30.0,1355.0,1425.0,1355.0,10003.0
2016.08.10,1395.0,15.0,1410.0,1415.0,1215.0,11397.0
2016.08.09,1410.0,0.0,1410.0,1410.0,1410.0,100.0
2016.08.08,1410.0,40.0,1450.0,1450.0,1410.0,114.0
2016.08.05,1450.0,85.0,1365.0,1450.0,1365.0,20471.0
2016.08.04,1365.0,240.0,1365.0,1365.0,1365.0,1.0
2016.08.03,1605.0,185.0,1500.0,1605.0,1500.0,101.0
2016.08.02,1420.0,20.0,1420.0,1420.0,1420.0,0.0
2016.08.01,1400.0,55.0,1455.0,1460.0,1400.0,10001.0
2016.07.29,1455.0,0.0,1605.0,1670.0,1455.0,1675.0
2016.07.28,1455.0,45.0,1500.0,1515.0,1455.0,5000.0
2016.07.27,1500.0,150.0,1610.0,1610.0,1500.0,1001.0
2016.07.26,1650.0,280.0,1650.0,1650.0,1650.0,1000.0
2016.07.25,1930.0,340.0,1930.0,1930.0,1930.0,0.0
2016.07.22,2270.0,290.0,1690.0,2270.0,1690.0,1001.0
2016.07.21,1980.0,255.0,1800.0,1980.0,1800.0,101.0
2016.07.20,1725.0,225.0,1725.0,1725.0,1725.0,580.0
2016.07.19,1500.0,50.0,1500.0,1500.0,1500.0,67.0
2016.07.18,1450.0,100.0,1450.0,1450.0,1450.0,1.0
2016.07.15,1350.0,150.0,1350.0,1350.0,1350.0,1.0
2016.07.14,1500.0,150.0,1500.0,1500.0,1500.0,3000.0
2016.07.13,1650.0,180.0,1650.0,1650.0,1650.0,5.0
2016.07.12,1470.0,120.0,1470.0,1470.0,1470.0,685.0
2016.07.11,1350.0,225.0,1350.0,1350.0,1350.0,1.0
2016.07.08,1575.0,205.0,1575.0,1575.0,1575.0,1.0
2016.07.07,1370.0,175.0,1370.0,1370.0,1370.0,730.0
2016.07.06,1195.0,210.0,1405.0,1405.0,1195.0,14999.0
2016.07.05,1405.0,5.0,1405.0,1405.0,1405.0,10000.0
2016.07.04,1410.0,100.0,1410.0,1410.0,1410.0,0.0
2016.07.01,1510.0,210.0,1465.0,1510.0,1465.0,2032.0
2016.06.30,1720.0,160.0,2160.0,2160.0,1600.0,23.0
2016.06.29,1880.0,330.0,2540.0,2540.0,1880.0,2.0
2016.06.28,2210.0,285.0,2210.0,2210.0,2210.0,41.0
2016.06.27,1925.0,0.0,1640.0,1925.0,1640.0,24001.0
2016.06.24,1925.0,250.0,1925.0,1925.0,1925.0,2.0
2016.06.23,1675.0,215.0,1675.0,1675.0,1675.0,700.0
2016.06.22,1460.0,215.0,1460.0,1460.0,1460.0,1.0
2016.06.21,1675.0,215.0,1670.0,1675.0,1670.0,930.0
2016.06.20,1460.0,40.0,1630.0,1630.0,1460.0,616.0
2016.06.17,1420.0,170.0,1435.0,1435.0,1420.0,701.0
2016.06.16,1250.0,210.0,1470.0,1500.0,1250.0,31003.0
2016.06.15,1460.0,0.0,1675.0,1675.0,1245.0,602.0
2016.06.14,1460.0,0.0,1470.0,1470.0,1460.0,1001.0
2016.06.13,1460.0,0.0,1245.0,1675.0,1245.0,3.0
2016.06.10,1460.0,15.0,1660.0,1660.0,1460.0,611.0
2016.06.09,1445.0,255.0,1445.0,1445.0,1445.0,0.0
2016.06.08,1700.0,175.0,1700.0,1700.0,1700.0,0.0
2016.06.07,1875.0,325.0,2200.0,2200.0,1875.0,6.0
2016.06.03,2200.0,280.0,2200.0,2200.0,2200.0,1.0
2016.06.02,1920.0,245.0,1920.0,1920.0,1920.0,1.0
2016.06.01,1675.0,215.0,1250.0,1675.0,1250.0,2.0
2016.05.31,1460.0,10.0,1460.0,1460.0,1460.0,0.0
2016.05.30,1450.0,10.0,1245.0,1675.0,1245.0,3.0
2016.05.27,1460.0,40.0,1455.0,1725.0,1275.0,5002.0
2016.05.26,1500.0,10.0,1285.0,1600.0,1285.0,606.0
2016.05.25,1510.0,0.0,1590.0,1735.0,1510.0,2009.0
2016.05.24,1510.0,10.0,1595.0,1595.0,1510.0,2.0
2016.05.23,1500.0,60.0,1330.0,1580.0,1330.0,6.0
2016.05.20,1560.0,200.0,1165.0,1560.0,1165.0,2510.0
2016.05.19,1360.0,240.0,1840.0,1840.0,1360.0,1402.0
2016.05.18,1600.0,190.0,1600.0,1600.0,1600.0,300.0
2016.05.17,1790.0,170.0,1860.0,1860.0,1700.0,703.0
2016.05.16,1620.0,210.0,1205.0,1620.0,1205.0,442.0
2016.05.13,1410.0,240.0,1410.0,1410.0,1410.0,1.0
2016.05.12,1650.0,285.0,1650.0,1650.0,1650.0,651.0
2016.05.11,1935.0,340.0,2600.0,2600.0,1935.0,2.0
2016.05.10,2275.0,395.0,2275.0,2275.0,2275.0,0.0
2016.05.09,2670.0,0.0,2670.0,2670.0,2670.0,0.0
2016.05.04,2670.0,340.0,2670.0,2670.0,2670.0,1.0
2016.05.03,2330.0,300.0,2200.0,2330.0,2200.0,461.0
2016.05.02,2030.0,260.0,2030.0,2030.0,2030.0,1.0
2016.04.29,1770.0,230.0,1540.0,1770.0,1310.0,15107.0
2016.04.28,1540.0,200.0,1330.0,1540.0,1330.0,10001.0
2016.04.27,1340.0,230.0,1340.0,1805.0,1340.0,562.0
2016.04.26,1570.0,80.0,1410.0,1570.0,1410.0,3.0
2016.04.25,1650.0,155.0,1650.0,1650.0,1650.0,1.0
2016.04.22,1805.0,310.0,1805.0,2430.0,1805.0,186.0
2016.04.21,2115.0,365.0,2550.0,2550.0,2115.0,451.0
2016.04.20,2480.0,410.0,2465.0,3320.0,2465.0,30.0
2016.04.19,2890.0,0.0,2890.0,2890.0,2890.0,6.0
2016.04.18,2890.0,505.0,2890.0,2890.0,2890.0,0.0
2016.04.15,3395.0,0.0,3395.0,3395.0,3395.0,0.0
2016.04.14,3395.0,100.0,3395.0,3395.0,3395.0,0.0
2016.04.12,3495.0,5.0,3495.0,3495.0,3495.0,0.0
2016.04.11,3500.0,430.0,2610.0,3500.0,2610.0,108.0
2016.04.08,3070.0,400.0,2275.0,3070.0,2275.0,8.0
2016.04.07,2670.0,150.0,2670.0,2670.0,2670.0,380.0
2016.04.06,2820.0,80.0,2820.0,2820.0,2820.0,360.0
2016.04.05,2900.0,100.0,2900.0,2900.0,2900.0,350.0
2016.04.04,3000.0,0.0,2840.0,3000.0,2840.0,406.0
2016.04.01,3000.0,0.0,2850.0,3000.0,2850.0,370.0
2016.03.31,3000.0,25.0,2835.0,3000.0,2835.0,361.0
2016.03.30,2975.0,525.0,2975.0,2975.0,2975.0,300.0
2016.03.29,3500.0,0.0,2975.0,3500.0,2975.0,301.0
2016.03.28,3500.0,60.0,3360.0,3500.0,3360.0,301.0
2016.03.25,3560.0,460.0,3560.0,3560.0,3560.0,4.0
2016.03.24,3100.0,400.0,3100.0,3100.0,3100.0,3.0
2016.03.23,2700.0,0.0,2550.0,2700.0,2550.0,401.0
2016.03.22,2700.0,0.0,2550.0,2700.0,2550.0,401.0
2016.03.21,2700.0,200.0,2700.0,2700.0,2700.0,11.0
2016.03.18,2500.0,200.0,2500.0,2500.0,2500.0,11.0
2016.03.17,2300.0,285.0,2300.0,2300.0,2300.0,60.0
2016.03.16,2015.0,260.0,1800.0,2015.0,1500.0,519.0
2016.03.15,1755.0,0.0,2010.0,2010.0,1755.0,3.0
2016.03.14,1755.0,45.0,1860.0,1860.0,1755.0,543.0
2016.03.11,1800.0,75.0,1475.0,1800.0,1475.0,7.0
2016.03.10,1725.0,295.0,2110.0,2110.0,1725.0,536.0
2016.03.09,2020.0,20.0,2020.0,2020.0,2020.0,500.0
2016.03.08,2040.0,60.0,2040.0,2040.0,2040.0,500.0
2016.03.07,2100.0,60.0,2100.0,2100.0,2100.0,500.0
2016.03.04,2160.0,0.0,2160.0,2160.0,2160.0,500.0
2016.03.03,2160.0,0.0,2160.0,2160.0,2160.0,500.0
2016.03.02,2160.0,60.0,2160.0,2160.0,2160.0,500.0
2016.02.29,2220.0,0.0,2220.0,2220.0,2220.0,500.0
2016.02.26,2220.0,40.0,2220.0,2220.0,2220.0,500.0
2016.02.25,2260.0,280.0,2260.0,2260.0,2260.0,3.0
2016.02.24,1980.0,255.0,1980.0,1980.0,1980.0,1.0
2016.02.23,1725.0,225.0,1280.0,1725.0,1280.0,34.0
2016.02.22,1500.0,195.0,1500.0,1500.0,1115.0,791.0
2016.02.19,1305.0,170.0,1305.0,1305.0,1305.0,2.0
2016.02.18,1135.0,144.0,1135.0,1135.0,1135.0,900.0
2016.02.17,991.0,75.0,1050.0,1050.0,991.0,1001.0
2016.02.16,916.0,159.0,916.0,916.0,916.0,10.0
2016.02.15,1075.0,85.0,1135.0,1135.0,1075.0,901.0
2016.02.12,990.0,64.0,1000.0,1045.0,990.0,1501.0
2016.02.11,926.0,159.0,926.0,1000.0,926.0,315.0
2016.02.05,1085.0,85.0,1150.0,1150.0,1085.0,901.0
2016.02.04,1000.0,170.0,1000.0,1000.0,1000.0,874.0
2016.02.03,1170.0,195.0,1170.0,1170.0,1170.0,501.0
2016.02.02,1365.0,235.0,1650.0,1750.0,1365.0,401.0
2016.02.01,1600.0,220.0,1555.0,1600.0,1555.0,103.0
2016.01.29,1820.0,310.0,1820.0,1820.0,1820.0,2.0
2016.01.28,2130.0,370.0,2130.0,2130.0,2130.0,2.0
2016.01.27,2500.0,0.0,2500.0,2500.0,2500.0,0.0
2016.01.26,2500.0,0.0,2500.0,2500.0,2500.0,0.0
2016.01.25,2500.0,0.0,2500.0,2500.0,2500.0,0.0
2016.01.22,2500.0,0.0,2500.0,2500.0,2500.0,0.0
2016.01.21,2500.0,0.0,2500.0,2500.0,2500.0,0.0
2016.01.20,2500.0,0.0,2500.0,2500.0,2500.0,0.0
2016.01.19,2500.0,0.0,2500.0,2500.0,2500.0,0.0
2016.01.18,2500.0,0.0,2500.0,2500.0,2500.0,0.0
2016.01.15,2500.0,0.0,2500.0,2500.0,2500.0,0.0
2016.01.14,2500.0,0.0,2500.0,2500.0,2500.0,0.0
2016.01.13,2500.0,0.0,2500.0,2500.0,2500.0,0.0
2016.01.12,2500.0,0.0,2500.0,2500.0,2500.0,0.0
2016.01.11,2500.0,0.0,2500.0,2500.0,2500.0,0.0
2016.01.08,2500.0,0.0,2500.0,2500.0,2500.0,0.0
2016.01.07,2500.0,0.0,2500.0,2500.0,2500.0,0.0
2016.01.06,2500.0,0.0,2500.0,2500.0,2500.0,0.0
2016.01.05,2500.0,0.0,2500.0,2500.0,2500.0,0.0
2016.01.04,2500.0,0.0,2500.0,2500.0,2500.0,0.0
2015.12.30,2500.0,0.0,2500.0,2500.0,2500.0,0.0
2015.12.29,2500.0,0.0,2500.0,2500.0,2500.0,0.0
2015.12.28,2500.0,0.0,2500.0,2500.0,2500.0,0.0
2015.12.24,2500.0,0.0,2500.0,2500.0,2500.0,0.0
2015.12.23,2500.0,0.0,2500.0,2500.0,2500.0,0.0
2015.12.22,2500.0,0.0,2500.0,2500.0,2500.0,0.0
2015.12.21,2500.0,0.0,2500.0,2500.0,2500.0,0.0
2015.12.18,2500.0,0.0,2500.0,2500.0,2500.0,0.0
2015.12.17,2500.0,0.0,2500.0,2500.0,2500.0,0.0
2015.12.16,2500.0,0.0,2500.0,2500.0,2500.0,0.0
2015.12.15,2500.0,50.0,2500.0,2500.0,2500.0,0.0
2015.12.14,2550.0,0.0,2550.0,2550.0,2550.0,0.0
2015.12.11,2550.0,0.0,2550.0,2550.0,2550.0,0.0
2015.12.10,2550.0,0.0,2550.0,2550.0,2550.0,400.0
2015.12.09,2550.0,0.0,2550.0,2550.0,2550.0,0.0
2015.12.08,2550.0,0.0,2550.0,2550.0,2550.0,0.0
2015.12.07,2550.0,25.0,2550.0,2550.0,2550.0,0.0
2015.12.04,2575.0,0.0,2575.0,2575.0,2575.0,0.0
2015.12.03,2575.0,0.0,2575.0,2575.0,2575.0,0.0
2015.12.02,2575.0,0.0,2575.0,2575.0,2575.0,0.0
2015.12.01,2575.0,75.0,2575.0,2575.0,2575.0,400.0
2015.11.30,2650.0,0.0,2650.0,2650.0,2650.0,400.0
2015.11.27,2650.0,0.0,2650.0,2650.0,2650.0,400.0
2015.11.26,2650.0,0.0,2650.0,2650.0,2650.0,400.0
2015.11.25,2650.0,0.0,2650.0,2650.0,2650.0,0.0
2015.11.24,2650.0,15.0,2650.0,2650.0,2650.0,400.0
2015.11.23,2665.0,0.0,2665.0,2665.0,2665.0,0.0
2015.11.20,2665.0,0.0,2665.0,2665.0,2665.0,400.0
2015.11.19,2665.0,0.0,2665.0,2665.0,2665.0,0.0
2015.11.18,2665.0,75.0,2665.0,2665.0,2665.0,400.0
2015.11.17,2740.0,0.0,2740.0,2740.0,2740.0,0.0
2015.11.16,2740.0,0.0,2740.0,2740.0,2740.0,0.0
2015.11.13,2740.0,0.0,2740.0,2740.0,2740.0,0.0
2015.11.12,2740.0,60.0,2740.0,2740.0,2740.0,400.0
2015.11.11,2800.0,0.0,2800.0,2800.0,2800.0,0.0
2015.11.10,2800.0,50.0,2800.0,2800.0,2800.0,0.0
2015.11.09,2850.0,50.0,2850.0,2850.0,2850.0,0.0
2015.11.06,2900.0,0.0,2900.0,2900.0,2900.0,0.0
2015.11.05,2900.0,0.0,2900.0,2900.0,2900.0,0.0
2015.11.04,2900.0,0.0,2900.0,2900.0,2900.0,0.0
2015.11.03,2900.0,0.0,2900.0,2900.0,2900.0,0.0
2015.11.02,2900.0,0.0,2900.0,2900.0,2900.0,0.0
2015.10.30,2900.0,0.0,2900.0,2900.0,2900.0,0.0
2015.10.29,2900.0,0.0,2900.0,2900.0,2900.0,0.0
2015.10.28,2900.0,0.0,2900.0,2900.0,2900.0,0.0
2015.10.27,2900.0,0.0,2900.0,2900.0,2900.0,0.0
2015.10.26,2900.0,0.0,2900.0,2900.0,2900.0,0.0
2015.10.23,2900.0,0.0,2900.0,2900.0,2900.0,0.0
2015.10.22,2900.0,0.0,2900.0,2900.0,2900.0,0.0
2015.10.21,2900.0,0.0,2900.0,2900.0,2900.0,0.0
2015.10.20,2900.0,0.0,2900.0,2900.0,2900.0,0.0
2015.10.19,2900.0,0.0,2900.0,2900.0,2900.0,0.0
2015.10.16,2900.0,0.0,2900.0,2900.0,2900.0,0.0
2015.10.15,2900.0,45.0,2900.0,2900.0,2900.0,0.0
2015.10.14,2945.0,0.0,2945.0,2945.0,2945.0,0.0
2015.10.13,2945.0,0.0,2945.0,2945.0,2945.0,0.0
2015.10.12,2945.0,0.0,2945.0,2945.0,2945.0,0.0
2015.10.08,2945.0,0.0,2945.0,2945.0,2945.0,0.0
2015.10.07,2945.0,0.0,2945.0,2945.0,2945.0,0.0
2015.10.06,2945.0,0.0,2945.0,2945.0,2945.0,0.0
2015.10.05,2945.0,0.0,2945.0,2945.0,2945.0,0.0
2015.10.02,2945.0,85.0,2945.0,2945.0,2945.0,400.0
2015.10.01,3030.0,0.0,3030.0,3030.0,3030.0,0.0
2015.09.30,3030.0,0.0,3030.0,3030.0,3030.0,0.0
2015.09.25,3030.0,0.0,3030.0,3030.0,3030.0,0.0
2015.09.24,3030.0,0.0,3030.0,3030.0,3030.0,0.0
2015.09.23,3030.0,0.0,3030.0,3030.0,3030.0,0.0
2015.09.22,3030.0,0.0,3030.0,3030.0,3030.0,0.0
2015.09.21,3030.0,0.0,3030.0,3030.0,3030.0,0.0
2015.09.18,3030.0,0.0,3030.0,3030.0,3030.0,0.0
2015.09.17,3030.0,0.0,3030.0,3030.0,3030.0,0.0
2015.09.16,3030.0,0.0,3030.0,3030.0,3030.0,0.0
2015.09.15,3030.0,90.0,3030.0,3030.0,3030.0,400.0
2015.09.14,3120.0,0.0,3120.0,3120.0,3120.0,0.0
2015.09.11,3120.0,140.0,3120.0,3120.0,3120.0,400.0
2015.09.10,3260.0,0.0,3260.0,3260.0,3260.0,0.0
2015.09.09,3260.0,0.0,3260.0,3260.0,3260.0,0.0
2015.09.08,3260.0,425.0,3260.0,3260.0,3260.0,10.0
2015.09.07,2835.0,0.0,2835.0,2835.0,2835.0,0.0
2015.09.04,2835.0,0.0,2835.0,2835.0,2835.0,0.0
2015.09.03,2835.0,0.0,2835.0,2835.0,2835.0,0.0
2015.09.02,2835.0,0.0,2835.0,2835.0,2835.0,0.0
2015.09.01,2835.0,80.0,2835.0,2835.0,2835.0,10.0
2015.08.31,2915.0,0.0,2915.0,2915.0,2915.0,0.0
2015.08.28,2915.0,0.0,2915.0,2915.0,2915.0,0.0
2015.08.27,2915.0,85.0,2915.0,2915.0,2915.0,400.0
2015.08.26,3000.0,0.0,3000.0,3000.0,3000.0,0.0
2015.08.25,3000.0,0.0,3000.0,3000.0,3000.0,0.0
2015.08.24,3000.0,0.0,3000.0,3000.0,3000.0,0.0
2015.08.21,3000.0,0.0,3000.0,3000.0,3000.0,0.0
2015.08.20,3000.0,170.0,3000.0,3000.0,3000.0,1800.0
2015.08.19,3170.0,330.0,3170.0,3170.0,3170.0,400.0
2015.08.18,3500.0,520.0,3500.0,3500.0,3500.0,300.0
2015.08.17,4020.0,230.0,4020.0,4020.0,4020.0,300.0
2015.08.13,4250.0,250.0,4250.0,4250.0,4250.0,300.0
2015.08.12,4500.0,0.0,4500.0,4500.0,4500.0,1.0
2015.08.11,4500.0,300.0,4500.0,4500.0,4500.0,5.0
2015.08.10,4200.0,0.0,3970.0,4200.0,3970.0,301.0
2015.08.07,4200.0,300.0,4200.0,4200.0,4200.0,1.0
2015.08.06,3900.0,0.0,3680.0,3900.0,3680.0,301.0
2015.08.05,3900.0,410.0,3900.0,3900.0,3900.0,1.0
2015.08.04,3490.0,0.0,3490.0,3490.0,3490.0,0.0
2015.08.03,3490.0,370.0,3490.0,3490.0,3490.0,1.0
2015.07.31,3120.0,0.0,3120.0,3120.0,3120.0,0.0
2015.07.30,3120.0,0.0,3120.0,3120.0,3120.0,0.0
2015.07.29,3120.0,0.0,3120.0,3120.0,3120.0,0.0
2015.07.28,3120.0,0.0,3120.0,3120.0,3120.0,0.0
2015.07.27,3120.0,0.0,3120.0,3120.0,3120.0,0.0
2015.07.24,3120.0,0.0,3120.0,3120.0,3120.0,0.0
2015.07.23,3120.0,0.0,3120.0,3120.0,3120.0,0.0
2015.07.22,3120.0,0.0,3120.0,3120.0,3120.0,0.0
2015.07.21,3120.0,0.0,3120.0,3120.0,3120.0,0.0
2015.07.20,3120.0,0.0,3120.0,3120.0,3120.0,0.0
2015.07.17,3120.0,90.0,3120.0,3120.0,3120.0,400.0
2015.07.16,3210.0,190.0,3210.0,3210.0,3210.0,400.0
2015.07.15,3400.0,190.0,3400.0,3400.0,3400.0,300.0
2015.07.14,3590.0,210.0,3590.0,3590.0,3590.0,300.0
2015.07.13,3800.0,400.0,3800.0,3800.0,3800.0,300.0
2015.07.10,4200.0,305.0,4475.0,4475.0,4200.0,301.0
2015.07.09,3895.0,280.0,3895.0,3895.0,3895.0,300.0
2015.07.08,4175.0,285.0,4175.0,4175.0,4175.0,300.0
2015.07.07,4460.0,260.0,4460.0,4460.0,4460.0,300.0
2015.07.06,4720.0,280.0,4720.0,4720.0,4720.0,300.0
2015.07.03,5000.0,200.0,5000.0,5000.0,5000.0,200.0
2015.07.02,5200.0,300.0,5200.0,5200.0,5200.0,200.0
2015.07.01,5500.0,600.0,5500.0,5500.0,5500.0,1.0
2015.06.30,4900.0,630.0,4900.0,4900.0,4900.0,5.0
2015.06.29,4270.0,250.0,4270.0,4270.0,4270.0,300.0
2015.06.26,4520.0,270.0,4520.0,4520.0,4520.0,300.0
2015.06.25,4790.0,420.0,4790.0,4790.0,4790.0,1.0
2015.06.24,4370.0,260.0,4370.0,4370.0,4370.0,300.0
2015.06.23,4630.0,270.0,4630.0,4630.0,4630.0,300.0
2015.06.22,4900.0,400.0,4900.0,4900.0,4900.0,1.0
2015.06.19,4500.0,490.0,4500.0,4500.0,4500.0,1.0
2015.06.18,4010.0,0.0,4010.0,4010.0,4010.0,0.0
2015.06.17,4010.0,0.0,4010.0,4010.0,4010.0,0.0
2015.06.16,4010.0,0.0,4010.0,4010.0,4010.0,0.0
2015.06.15,4010.0,120.0,4010.0,4010.0,4010.0,300.0
2015.06.12,4130.0,120.0,4130.0,4130.0,4130.0,300.0
2015.06.11,4250.0,200.0,4250.0,4250.0,4250.0,300.0
2015.06.10,4450.0,240.0,4450.0,4450.0,4450.0,300.0
2015.06.09,4690.0,140.0,4690.0,4690.0,4690.0,300.0
2015.06.08,4830.0,630.0,4830.0,4830.0,4830.0,1.0
2015.06.05,4200.0,400.0,4200.0,4200.0,4200.0,300.0
2015.06.04,4600.0,600.0,4600.0,4600.0,4600.0,1.0
2015.06.03,4000.0,355.0,3900.0,4000.0,3900.0,20.0
2015.06.02,3645.0,105.0,3645.0,3645.0,3645.0,300.0
2015.06.01,3750.0,60.0,3750.0,3750.0,3750.0,10.0
2015.05.29,3690.0,110.0,3690.0,3690.0,3690.0,300.0
2015.05.28,3800.0,0.0,3800.0,3800.0,3800.0,0.0
2015.05.27,3800.0,110.0,3800.0,3800.0,3800.0,10.0
2015.05.26,3690.0,190.0,3690.0,3690.0,3690.0,10.0
2015.05.22,3500.0,300.0,3500.0,3500.0,3500.0,10.0
2015.05.21,3200.0,280.0,3200.0,3200.0,3200.0,300.0
2015.05.20,3480.0,280.0,3300.0,3480.0,3300.0,20.0
2015.05.19,3200.0,200.0,3090.0,3200.0,3090.0,20.0
2015.05.18,3000.0,0.0,3000.0,3000.0,3000.0,0.0
2015.05.15,3000.0,0.0,3000.0,3000.0,3000.0,0.0
2015.05.14,3000.0,0.0,3000.0,3000.0,3000.0,0.0
2015.05.13,3000.0,300.0,3000.0,3000.0,3000.0,10.0
2015.05.12,2700.0,0.0,2700.0,2700.0,2700.0,0.0
2015.05.11,2700.0,0.0,2700.0,2700.0,2700.0,0.0
2015.05.08,2700.0,0.0,2700.0,2700.0,2700.0,0.0
2015.05.07,2700.0,0.0,2700.0,2700.0,2700.0,0.0
2015.05.06,2700.0,0.0,2700.0,2700.0,2700.0,0.0
2015.05.04,2700.0,0.0,2700.0,2700.0,2700.0,0.0
2015.04.30,2700.0,50.0,2700.0,2700.0,2700.0,0.0
2015.04.29,2750.0,0.0,2750.0,2750.0,2750.0,0.0
2015.04.28,2750.0,0.0,2750.0,2750.0,2750.0,0.0
2015.04.27,2750.0,150.0,2750.0,2750.0,2750.0,1.0
2015.04.24,2600.0,100.0,2600.0,2600.0,2600.0,1.0
2015.04.23,2500.0,270.0,2500.0,2500.0,2500.0,1.0
2015.04.22,2230.0,60.0,2230.0,2230.0,2230.0,0.0
2015.04.21,2290.0,60.0,2290.0,2290.0,2290.0,0.0
2015.04.20,2350.0,0.0,2350.0,2350.0,2350.0,0.0
2015.04.17,2350.0,10.0,2350.0,2350.0,2350.0,0.0
2015.04.16,2340.0,0.0,2340.0,2340.0,2340.0,0.0
2015.04.15,2340.0,0.0,2340.0,2340.0,2340.0,0.0
2015.04.14,2340.0,0.0,2340.0,2340.0,2340.0,0.0
2015.04.13,2340.0,60.0,2340.0,2340.0,2340.0,0.0
2015.04.10,2400.0,15.0,2400.0,2400.0,2400.0,0.0
2015.04.09,2385.0,0.0,2385.0,2385.0,2385.0,0.0
2015.04.08,2385.0,65.0,2385.0,2385.0,2385.0,0.0
2015.04.07,2450.0,0.0,2450.0,2450.0,2450.0,0.0
2015.04.06,2450.0,0.0,2450.0,2450.0,2450.0,0.0
2015.04.03,2450.0,120.0,2450.0,2450.0,2450.0,400.0
2015.04.02,2570.0,100.0,2570.0,2570.0,2570.0,400.0
2015.04.01,2670.0,75.0,2670.0,2670.0,2670.0,100.0
2015.03.31,2745.0,80.0,2745.0,2745.0,2745.0,400.0
2015.03.30,2825.0,80.0,2825.0,2825.0,2825.0,400.0
2015.03.27,2905.0,80.0,2905.0,2905.0,2905.0,0.0
2015.03.26,2985.0,85.0,2985.0,2985.0,2985.0,400.0
2015.03.25,3070.0,0.0,3070.0,3070.0,3070.0,0.0
2015.03.24,3070.0,90.0,3070.0,3070.0,3070.0,400.0
2015.03.23,3160.0,90.0,3160.0,3160.0,3160.0,400.0
2015.03.20,3250.0,20.0,3250.0,3250.0,3250.0,400.0
2015.03.19,3230.0,30.0,3230.0,3230.0,3230.0,400.0
2015.03.18,3260.0,0.0,3260.0,3260.0,3260.0,0.0
2015.03.17,3260.0,0.0,3260.0,3260.0,3260.0,400.0
2015.03.16,3260.0,95.0,3260.0,3260.0,3260.0,300.0
2015.03.13,3355.0,130.0,3355.0,3355.0,3355.0,0.0
2015.03.12,3485.0,0.0,3485.0,3485.0,3485.0,0.0
2015.03.11,3485.0,0.0,3485.0,3485.0,3485.0,300.0
2015.03.10,3485.0,15.0,3485.0,3485.0,3485.0,1.0
2015.03.09,3500.0,0.0,3500.0,3500.0,3500.0,300.0
2015.03.06,3500.0,100.0,3500.0,3500.0,3500.0,300.0
2015.03.05,3600.0,100.0,3700.0,3700.0,3600.0,6.0
2015.03.04,3500.0,0.0,3500.0,3500.0,3500.0,0.0
2015.03.03,3500.0,0.0,3500.0,3500.0,3500.0,0.0
2015.03.02,3500.0,190.0,3500.0,3500.0,3500.0,300.0
2015.02.27,3690.0,0.0,3690.0,3690.0,3690.0,0.0
2015.02.26,3690.0,0.0,3690.0,3690.0,3690.0,2000.0
2015.02.25,3690.0,0.0,3690.0,3690.0,3690.0,0.0
2015.02.24,3690.0,30.0,3600.0,3690.0,3600.0,301.0
2015.02.23,3660.0,30.0,3660.0,3660.0,3660.0,300.0
2015.02.17,3690.0,0.0,3690.0,3690.0,3690.0,0.0
2015.02.16,3690.0,0.0,3690.0,3690.0,3690.0,0.0
2015.02.13,3690.0,0.0,3690.0,3690.0,3690.0,0.0
2015.02.12,3690.0,0.0,3690.0,3690.0,3690.0,0.0
2015.02.11,3690.0,0.0,3500.0,3690.0,3500.0,301.0
2015.02.10,3690.0,190.0,3690.0,3690.0,3690.0,1.0
2015.02.09,3500.0,190.0,3500.0,3500.0,3500.0,300.0
2015.02.06,3690.0,0.0,3690.0,3690.0,3690.0,0.0
2015.02.05,3690.0,10.0,3450.0,3690.0,3400.0,6320.0
2015.02.04,3680.0,0.0,3680.0,3680.0,3680.0,0.0
2015.02.03,3680.0,90.0,3500.0,3680.0,3500.0,1010.0
2015.02.02,3590.0,0.0,3590.0,3590.0,3590.0,0.0
2015.01.30,3590.0,0.0,3590.0,3590.0,3590.0,0.0
2015.01.29,3590.0,110.0,3590.0,3590.0,3590.0,300.0
2015.01.28,3700.0,190.0,3700.0,3700.0,3700.0,100.0
2015.01.27,3510.0,70.0,3510.0,3510.0,3510.0,300.0
2015.01.26,3580.0,0.0,3580.0,3580.0,3580.0,0.0
2015.01.23,3580.0,0.0,3580.0,3580.0,3580.0,0.0
2015.01.22,3580.0,105.0,3690.0,3690.0,3580.0,700.0
2015.01.21,3685.0,105.0,3890.0,3890.0,3685.0,601.0
2015.01.20,3790.0,30.0,3790.0,3790.0,3790.0,300.0
2015.01.19,3820.0,0.0,3820.0,3820.0,3820.0,0.0
2015.01.16,3820.0,130.0,3820.0,3820.0,3820.0,300.0
2015.01.15,3950.0,0.0,3950.0,3950.0,3950.0,0.0
2015.01.14,3950.0,0.0,3950.0,3950.0,3950.0,0.0
2015.01.13,3950.0,0.0,3950.0,3950.0,3950.0,0.0
2015.01.12,3950.0,50.0,3950.0,3950.0,3950.0,0.0
2015.01.09,4000.0,0.0,4000.0,4000.0,4000.0,0.0
2015.01.08,4000.0,0.0,4000.0,4000.0,4000.0,0.0
2015.01.07,4000.0,100.0,4000.0,4000.0,4000.0,10.0
2015.01.06,3900.0,0.0,3900.0,3900.0,3900.0,0.0
2015.01.05,3900.0,0.0,3900.0,3900.0,3900.0,0.0
2015.01.02,3900.0,100.0,3900.0,3900.0,3900.0,0.0
2014.12.30,4000.0,0.0,4000.0,4000.0,4000.0,0.0
2014.12.29,4000.0,0.0,4000.0,4000.0,4000.0,0.0
2014.12.26,4000.0,0.0,4000.0,4000.0,4000.0,0.0
2014.12.24,4000.0,0.0,4000.0,4000.0,4000.0,0.0
2014.12.23,4000.0,0.0,4000.0,4000.0,4000.0,0.0
2014.12.22,4000.0,200.0,4000.0,4000.0,4000.0,300.0
2014.12.19,3800.0,300.0,3800.0,3800.0,3800.0,0.0
2014.12.18,4100.0,50.0,4100.0,4100.0,4100.0,10.0
2014.12.17,4050.0,0.0,4050.0,4050.0,4050.0,0.0
2014.12.16,4050.0,0.0,4050.0,4050.0,4050.0,0.0
2014.12.15,4050.0,0.0,4050.0,4050.0,4050.0,0.0
2014.12.12,4050.0,0.0,4050.0,4050.0,4050.0,0.0
2014.12.11,4050.0,0.0,4050.0,4050.0,4050.0,0.0
2014.12.10,4050.0,0.0,4050.0,4050.0,4050.0,0.0
2014.12.09,4050.0,0.0,4050.0,4050.0,4050.0,0.0
2014.12.08,4050.0,0.0,4050.0,4050.0,4050.0,0.0
2014.12.05,4050.0,0.0,4050.0,4050.0,4050.0,0.0
2014.12.04,4050.0,0.0,4050.0,4050.0,4050.0,0.0
2014.12.03,4050.0,0.0,4050.0,4050.0,4050.0,0.0
2014.12.02,4050.0,50.0,4050.0,4050.0,4050.0,0.0
2014.12.01,4100.0,50.0,4100.0,4100.0,4100.0,25600.0
2014.11.28,4050.0,50.0,4050.0,4050.0,4050.0,14500.0
2014.11.27,4000.0,0.0,4000.0,4000.0,4000.0,13000.0
2014.11.26,4000.0,0.0,4000.0,4000.0,4000.0,0.0
2014.11.25,4000.0,0.0,4000.0,4000.0,4000.0,0.0
2014.11.24,4000.0,0.0,4000.0,4000.0,4000.0,0.0
2014.11.21,4000.0,0.0,4000.0,4000.0,4000.0,0.0
2014.11.20,4000.0,100.0,4000.0,4000.0,4000.0,0.0
2014.11.19,4100.0,100.0,4100.0,4100.0,4100.0,2000.0
2014.11.18,4000.0,0.0,4000.0,4000.0,4000.0,0.0
2014.11.17,4000.0,95.0,4000.0,4000.0,4000.0,0.0
2014.11.14,4095.0,0.0,4095.0,4095.0,4095.0,0.0
2014.11.13,4095.0,0.0,4095.0,4095.0,4095.0,0.0
2014.11.12,4095.0,0.0,4095.0,4095.0,4095.0,0.0
2014.11.11,4095.0,0.0,4095.0,4095.0,4095.0,0.0
2014.11.10,4095.0,0.0,4095.0,4095.0,4095.0,0.0
2014.11.07,4095.0,5.0,4095.0,4095.0,4095.0,0.0
2014.11.06,4100.0,0.0,4100.0,4100.0,4100.0,0.0
2014.11.05,4100.0,300.0,4000.0,4100.0,4000.0,4400.0
2014.11.04,3800.0,0.0,3800.0,3800.0,3800.0,0.0
2014.11.03,3800.0,0.0,3800.0,3800.0,3800.0,0.0
2014.10.31,3800.0,0.0,3800.0,3800.0,3800.0,0.0
2014.10.30,3800.0,0.0,3800.0,3800.0,3800.0,0.0
2014.10.29,3800.0,250.0,3700.0,3800.0,3700.0,600.0
2014.10.28,3550.0,0.0,3550.0,3550.0,3550.0,0.0
2014.10.27,3550.0,0.0,3550.0,3550.0,3550.0,0.0
2014.10.24,3550.0,0.0,3550.0,3550.0,3550.0,0.0
2014.10.23,3550.0,0.0,3550.0,3550.0,3550.0,0.0
2014.10.22,3550.0,0.0,3550.0,3550.0,3550.0,0.0
2014.10.21,3550.0,210.0,3550.0,3550.0,3550.0,100.0
2014.10.20,3340.0,0.0,3340.0,3340.0,3340.0,0.0
2014.10.17,3340.0,40.0,3340.0,3340.0,3340.0,100.0
2014.10.16,3300.0,0.0,3300.0,3300.0,3300.0,0.0
2014.10.15,3300.0,0.0,3300.0,3300.0,3300.0,0.0
2014.10.14,3300.0,0.0,3300.0,3300.0,3300.0,0.0
2014.10.13,3300.0,0.0,3300.0,3300.0,3300.0,0.0
2014.10.10,3300.0,0.0,3300.0,3300.0,3300.0,0.0
2014.10.08,3300.0,90.0,3300.0,3300.0,3300.0,3100.0
2014.10.07,3210.0,190.0,3210.0,3210.0,3210.0,400.0
2014.10.06,3400.0,200.0,3400.0,3400.0,3400.0,300.0
2014.10.02,3600.0,0.0,3600.0,3600.0,3600.0,0.0
2014.10.01,3600.0,0.0,3600.0,3600.0,3600.0,0.0
2014.09.30,3600.0,100.0,3600.0,3600.0,3600.0,100.0
2014.09.29,3500.0,100.0,3500.0,3500.0,3500.0,1400.0
2014.09.26,3400.0,140.0,3400.0,3400.0,3400.0,0.0
2014.09.25,3260.0,190.0,3260.0,3260.0,3260.0,400.0
2014.09.24,3450.0,450.0,3450.0,3450.0,3450.0,100.0
2014.09.23,3000.0,100.0,3000.0,3000.0,3000.0,1000.0
2014.09.22,2900.0,0.0,2900.0,2900.0,2900.0,0.0
2014.09.19,2900.0,60.0,2840.0,3000.0,2840.0,1200.0
2014.09.18,2840.0,140.0,2900.0,2900.0,2840.0,900.0
2014.09.17,2980.0,120.0,2980.0,2980.0,2980.0,400.0
2014.09.16,3100.0,0.0,3100.0,3100.0,3100.0,0.0
2014.09.15,3100.0,120.0,3000.0,3100.0,3000.0,1200.0
2014.09.12,2980.0,120.0,2980.0,2980.0,2980.0,500.0
2014.09.11,3100.0,70.0,3100.0,3100.0,3100.0,500.0
2014.09.05,3030.0,170.0,3030.0,3030.0,3030.0,400.0
2014.09.04,3200.0,200.0,3200.0,3200.0,3200.0,0.0
2014.09.03,3400.0,400.0,3400.0,3400.0,3400.0,100.0
2014.09.02,3000.0,200.0,3200.0,3200.0,3000.0,3400.0
2014.09.01,3200.0,360.0,3200.0,3200.0,3200.0,1000.0
2014.08.29,2840.0,160.0,2840.0,2840.0,2840.0,400.0
2014.08.28,3000.0,120.0,3000.0,3000.0,3000.0,100.0
2014.08.27,2880.0,140.0,2880.0,2880.0,2880.0,400.0
2014.08.26,3020.0,0.0,3020.0,3020.0,3020.0,0.0
2014.08.25,3020.0,0.0,3020.0,3020.0,3020.0,0.0
2014.08.22,3020.0,180.0,3020.0,3020.0,3020.0,400.0
2014.08.21,3200.0,100.0,3200.0,3200.0,3200.0,100.0
2014.08.20,3100.0,400.0,3200.0,3200.0,3100.0,20000.0
2014.08.19,3500.0,180.0,3500.0,3500.0,3500.0,100.0
2014.08.18,3320.0,80.0,3320.0,3320.0,3320.0,400.0
2014.08.14,3400.0,0.0,3400.0,3400.0,3400.0,0.0
2014.08.13,3400.0,200.0,3400.0,3400.0,3400.0,300.0
2014.08.12,3600.0,190.0,3600.0,3600.0,3600.0,300.0
2014.08.11,3790.0,10.0,3790.0,3790.0,3790.0,300.0
2014.08.08,3800.0,30.0,3800.0,3800.0,3800.0,300.0
2014.08.07,3830.0,130.0,3830.0,3830.0,3830.0,0.0
2014.08.06,3700.0,350.0,3800.0,3800.0,3700.0,6700.0
2014.08.05,4050.0,50.0,4050.0,4050.0,4050.0,100.0
2014.08.04,4000.0,150.0,4390.0,4390.0,4000.0,5100.0
2014.08.01,4150.0,240.0,4200.0,4200.0,4150.0,1300.0
2014.07.31,4390.0,190.0,4390.0,4390.0,4390.0,16000.0
2014.07.30,4200.0,200.0,4200.0,4200.0,4200.0,29900.0
2014.07.29,4400.0,550.0,4340.0,4400.0,4330.0,25000.0
2014.07.28,3850.0,210.0,3850.0,3850.0,3850.0,300.0
2014.07.25,4060.0,5.0,4060.0,4060.0,4060.0,9700.0
2014.07.24,4055.0,15.0,4040.0,4055.0,4040.0,28000.0
2014.07.23,4040.0,0.0,4040.0,4040.0,4040.0,0.0
2014.07.22,4040.0,40.0,4040.0,4040.0,4040.0,100.0
2014.07.21,4000.0,0.0,4000.0,4000.0,4000.0,0.0
2014.07.18,4000.0,0.0,4000.0,4000.0,4000.0,0.0
2014.07.17,4000.0,150.0,4000.0,4000.0,4000.0,2500.0
2014.07.16,4150.0,50.0,4150.0,4150.0,4150.0,0.0
2014.07.15,4200.0,15.0,4200.0,4200.0,4200.0,3700.0
2014.07.14,4185.0,15.0,4185.0,4185.0,4185.0,0.0
2014.07.11,4200.0,20.0,4200.0,4200.0,4200.0,5500.0
2014.07.10,4180.0,0.0,4180.0,4180.0,4180.0,0.0
2014.07.09,4180.0,20.0,4180.0,4180.0,4180.0,0.0
2014.07.08,4200.0,0.0,4200.0,4200.0,4200.0,0.0
2014.07.07,4200.0,0.0,4200.0,4200.0,4200.0,0.0
2014.07.04,4200.0,10.0,4200.0,4200.0,4200.0,0.0
2014.07.03,4210.0,0.0,4210.0,4210.0,4210.0,0.0
2014.07.02,4210.0,0.0,4210.0,4210.0,4210.0,0.0
2014.07.01,4210.0,140.0,4210.0,4210.0,4210.0,4500.0
2014.06.30,4070.0,150.0,4070.0,4070.0,4070.0,300.0
2014.06.27,4220.0,0.0,4220.0,4220.0,4220.0,0.0
2014.06.26,4220.0,20.0,4220.0,4220.0,4220.0,3100.0
2014.06.25,4200.0,150.0,4200.0,4200.0,4200.0,300.0
2014.06.24,4350.0,50.0,4350.0,4350.0,4350.0,0.0
2014.06.23,4400.0,50.0,4400.0,4400.0,4400.0,300.0
2014.06.20,4450.0,70.0,0.0,0.0,0.0,0.0
2014.06.19,4520.0,0.0,0.0,0.0,0.0,0.0
2014.06.18,4520.0,20.0,4520.0,4520.0,4520.0,9900.0
2014.06.17,4500.0,200.0,4500.0,4500.0,4500.0,3300.0
2014.06.16,4300.0,20.0,4300.0,4300.0,4300.0,2500.0
2014.06.13,4320.0,0.0,0.0,0.0,0.0,0.0
2014.06.12,4320.0,180.0,4320.0,4320.0,4320.0,400.0
2014.06.11,4500.0,200.0,4500.0,4500.0,4500.0,1000.0
2014.06.10,4300.0,50.0,0.0,0.0,0.0,0.0
2014.06.09,4350.0,450.0,3900.0,4350.0,3900.0,1300.0
2014.06.05,3900.0,0.0,0.0,0.0,0.0,0.0
2014.06.03,3900.0,0.0,3900.0,3900.0,3900.0,10000.0
2014.06.02,3900.0,500.0,3900.0,3900.0,3900.0,100.0
2014.05.30,3400.0,0.0,3400.0,3400.0,3400.0,300.0
2014.05.29,3400.0,400.0,3400.0,3400.0,3400.0,100.0
2014.05.28,3000.0,0.0,0.0,0.0,0.0,0.0
2014.05.27,3000.0,0.0,0.0,0.0,0.0,0.0
2014.05.26,3000.0,0.0,0.0,0.0,0.0,0.0
2014.05.23,3000.0,0.0,0.0,0.0,0.0,0.0
2014.05.22,3000.0,50.0,0.0,0.0,0.0,0.0
2014.05.21,3050.0,0.0,0.0,0.0,0.0,0.0
2014.05.20,3050.0,0.0,0.0,0.0,0.0,0.0
2014.05.19,3050.0,0.0,0.0,0.0,0.0,0.0
2014.05.16,3050.0,0.0,0.0,0.0,0.0,0.0
2014.05.15,3050.0,0.0,0.0,0.0,0.0,0.0
2014.05.14,3050.0,0.0,0.0,0.0,0.0,0.0
2014.05.13,3050.0,0.0,0.0,0.0,0.0,0.0
2014.05.12,3050.0,310.0,3050.0,3050.0,3050.0,100.0
2014.05.09,2740.0,0.0,0.0,0.0,0.0,0.0
2014.05.08,2740.0,0.0,0.0,0.0,0.0,0.0
2014.05.07,2740.0,0.0,0.0,0.0,0.0,0.0
2014.05.02,2740.0,0.0,0.0,0.0,0.0,0.0
2014.04.30,2740.0,0.0,0.0,0.0,0.0,0.0
2014.04.29,2740.0,140.0,2740.0,2740.0,2740.0,100.0
2014.04.28,2600.0,100.0,0.0,0.0,0.0,0.0
2014.04.25,2500.0,0.0,0.0,0.0,0.0,0.0
2014.04.24,2500.0,0.0,0.0,0.0,0.0,0.0
2014.04.23,2500.0,0.0,0.0,0.0,0.0,0.0
2014.04.22,2500.0,100.0,0.0,0.0,0.0,0.0
2014.04.21,2400.0,0.0,0.0,0.0,0.0,0.0
2014.04.18,2400.0,0.0,0.0,0.0,0.0,0.0
2014.04.17,2400.0,0.0,0.0,0.0,0.0,0.0
2014.04.16,2400.0,0.0,0.0,0.0,0.0,0.0
2014.04.15,2400.0,0.0,0.0,0.0,0.0,0.0
2014.04.14,2400.0,0.0,0.0,0.0,0.0,0.0
2014.04.11,2400.0,0.0,0.0,0.0,0.0,0.0
2014.04.10,2400.0,0.0,0.0,0.0,0.0,0.0
2014.04.09,2400.0,0.0,0.0,0.0,0.0,0.0
2014.04.08,2400.0,0.0,0.0,0.0,0.0,0.0
2014.04.07,2400.0,0.0,0.0,0.0,0.0,0.0
2014.04.04,2400.0,0.0,0.0,0.0,0.0,0.0
2014.04.03,2400.0,0.0,0.0,0.0,0.0,0.0
2014.04.02,2400.0,0.0,0.0,0.0,0.0,0.0
2014.04.01,2400.0,0.0,0.0,0.0,0.0,0.0
2014.03.31,2400.0,0.0,0.0,0.0,0.0,0.0
2014.03.28,2400.0,0.0,0.0,0.0,0.0,0.0
2014.03.27,2400.0,0.0,0.0,0.0,0.0,0.0
2014.03.26,2400.0,0.0,0.0,0.0,0.0,0.0
2014.03.25,2400.0,0.0,0.0,0.0,0.0,0.0
2014.03.24,2400.0,0.0,0.0,0.0,0.0,0.0
2014.03.21,2400.0,0.0,0.0,0.0,0.0,0.0
2014.03.20,2400.0,0.0,0.0,0.0,0.0,0.0
2014.03.19,2400.0,0.0,0.0,0.0,0.0,0.0
2014.03.18,2400.0,0.0,0.0,0.0,0.0,0.0
2014.03.17,2400.0,0.0,0.0,0.0,0.0,0.0
2014.03.14,2400.0,0.0,0.0,0.0,0.0,0.0
2014.03.13,2400.0,0.0,0.0,0.0,0.0,0.0
2014.03.12,2400.0,0.0,2400.0,2400.0,2400.0,500.0
2014.03.11,2400.0,0.0,0.0,0.0,0.0,0.0
2014.03.10,2400.0,0.0,0.0,0.0,0.0,0.0
2014.03.07,2400.0,0.0,0.0,0.0,0.0,0.0
2014.03.06,2400.0,100.0,2400.0,2400.0,2400.0,500.0
2014.03.05,2300.0,0.0,0.0,0.0,0.0,0.0
2014.03.04,2300.0,0.0,0.0,0.0,0.0,0.0
2014.03.03,2300.0,0.0,0.0,0.0,0.0,0.0
2014.02.28,2300.0,0.0,0.0,0.0,0.0,0.0
2014.02.27,2300.0,0.0,0.0,0.0,0.0,0.0
2014.02.26,2300.0,0.0,2300.0,2300.0,2300.0,1000.0
2014.02.25,2300.0,20.0,2300.0,2300.0,2300.0,500.0
2014.02.24,2320.0,30.0,2320.0,2320.0,2320.0,500.0
2014.02.21,2290.0,0.0,0.0,0.0,0.0,0.0
2014.02.20,2290.0,0.0,0.0,0.0,0.0,0.0
2014.02.19,2290.0,0.0,0.0,0.0,0.0,0.0
2014.02.18,2290.0,0.0,0.0,0.0,0.0,0.0
2014.02.17,2290.0,0.0,0.0,0.0,0.0,0.0
2014.02.14,2290.0,0.0,0.0,0.0,0.0,0.0
2014.02.13,2290.0,0.0,0.0,0.0,0.0,0.0
2014.02.12,2290.0,0.0,0.0,0.0,0.0,0.0
2014.02.11,2290.0,0.0,0.0,0.0,0.0,0.0
2014.02.10,2290.0,0.0,0.0,0.0,0.0,0.0
2014.02.07,2290.0,0.0,0.0,0.0,0.0,0.0
2014.02.06,2290.0,0.0,0.0,0.0,0.0,0.0
2014.02.05,2290.0,0.0,0.0,0.0,0.0,0.0
2014.02.04,2290.0,0.0,0.0,0.0,0.0,0.0
2014.02.03,2290.0,0.0,0.0,0.0,0.0,0.0
2014.01.29,2290.0,0.0,0.0,0.0,0.0,0.0
2014.01.28,2290.0,0.0,0.0,0.0,0.0,0.0
2014.01.27,2290.0,0.0,0.0,0.0,0.0,0.0
2014.01.24,2290.0,0.0,0.0,0.0,0.0,0.0
2014.01.23,2290.0,150.0,2290.0,2290.0,2290.0,500.0
2014.01.22,2440.0,0.0,0.0,0.0,0.0,0.0
2014.01.21,2440.0,0.0,0.0,0.0,0.0,0.0
2014.01.20,2440.0,0.0,0.0,0.0,0.0,0.0
2014.01.17,2440.0,0.0,0.0,0.0,0.0,0.0
2014.01.16,2440.0,0.0,0.0,0.0,0.0,0.0
2014.01.15,2440.0,0.0,0.0,0.0,0.0,0.0
2014.01.14,2440.0,0.0,0.0,0.0,0.0,0.0
2014.01.13,2440.0,0.0,0.0,0.0,0.0,0.0
2014.01.10,2440.0,0.0,0.0,0.0,0.0,0.0
2014.01.09,2440.0,0.0,0.0,0.0,0.0,0.0
2014.01.08,2440.0,0.0,0.0,0.0,0.0,0.0
2014.01.07,2440.0,0.0,0.0,0.0,0.0,0.0
2014.01.06,2440.0,0.0,0.0,0.0,0.0,0.0
2014.01.03,2440.0,0.0,0.0,0.0,0.0,0.0
2014.01.02,2440.0,0.0,0.0,0.0,0.0,0.0
2013.12.30,2440.0,0.0,0.0,0.0,0.0,0.0
2013.12.27,2440.0,0.0,0.0,0.0,0.0,0.0
2013.12.26,2440.0,0.0,0.0,0.0,0.0,0.0
